ID,NumberOfInstances,NumberOfFeatures,NumberOfClasses,NumberOfMissingValues,NumberOfNumericFeatures,CfsSubsetEval_NaiveBayesErrRate,MaxMeansOfNumericAtts,NaiveBayesErrRate,Quartile3SkewnessOfNumericAtts,NumberOfSymbolicFeatures,MinAttributeEntropy,RandomTreeDepth2AUC,Quartile1MutualInformation,MinMeansOfNumericAtts,MaxMutualInformation,RandomTreeDepth3Kappa,PercentageOfSymbolicFeatures,REPTreeDepth2AUC,J48.001.ErrRate,Dimensionality,Quartile3MutualInformation,Quartile2KurtosisOfNumericAtts,MaxSkewnessOfNumericAtts,CfsSubsetEval_DecisionStumpKappa,J48.0001.ErrRate,J48.00001.Kappa,RandomTreeDepth2ErrRate,Quartile1KurtosisOfNumericAtts,PercentageOfBinaryFeatures,Quartile1AttributeEntropy,MajorityClassPercentage,REPTreeDepth2ErrRate,Quartile1MeansOfNumericAtts,MaxAttributeEntropy,MinMutualInformation,CfsSubsetEval_NaiveBayesKappa,Quartile2MeansOfNumericAtts,Quartile2AttributeEntropy,Quartile1SkewnessOfNumericAtts,StdvNominalAttDistinctValues,Quartile1StdDevOfNumericAtts,MajorityClassSize,MinorityClassSize,EquivalentNumberOfAtts,Quartile2StdDevOfNumericAtts,Quartile3StdDevOfNumericAtts,MaxStdDevOfNumericAtts,RandomTreeDepth2Kappa,MeanStdDevOfNumericAtts,RandomTreeDepth3ErrRate,Quartile2SkewnessOfNumericAtts,PercentageOfNumericFeatures,MeanNoiseToSignalRatio,NumberOfBinaryFeatures,REPTreeDepth1AUC,REPTreeDepth1ErrRate,MaxKurtosisOfNumericAtts,REPTreeDepth2Kappa,NumberOfInstancesWithMissingValues,NaiveBayesKappa,CfsSubsetEval_NaiveBayesAUC,Quartile3AttributeEntropy,REPTreeDepth3Kappa,MinNominalAttDistinctValues,kNN1NAUC,J48.001.Kappa,MinKurtosisOfNumericAtts,DecisionStumpErrRate,MinStdDevOfNumericAtts,MeanAttributeEntropy,MeanSkewnessOfNumericAtts,DecisionStumpAUC,MinSkewnessOfNumericAtts,AutoCorrelation,J48.00001.AUC,REPTreeDepth1Kappa,RandomTreeDepth3AUC,MinorityClassPercentage,MaxNominalAttDistinctValues,PercentageOfInstancesWithMissingValues,MeanMeansOfNumericAtts,REPTreeDepth3AUC,Quartile3KurtosisOfNumericAtts,J48.0001.Kappa,CfsSubsetEval_DecisionStumpErrRate,J48.00001.ErrRate,RandomTreeDepth1Kappa,Quartile3MeansOfNumericAtts,RandomTreeDepth1AUC,CfsSubsetEval_kNN1NErrRate,DecisionStumpKappa,kNN1NErrRate,kNN1NKappa,MeanKurtosisOfNumericAtts,J48.001.AUC,CfsSubsetEval_kNN1NAUC,NaiveBayesAUC,PercentageOfMissingValues,MeanMutualInformation,Quartile2MutualInformation,CfsSubsetEval_DecisionStumpAUC,RandomTreeDepth1ErrRate,ClassEntropy,CfsSubsetEval_kNN1NKappa,REPTreeDepth3ErrRate,J48.0001.AUC,MeanNominalAttDistinctValues
1497,5456,25,4,0,24,0.01228005865,3.351113087,0.4741568915,2.536420759,1,,0.9820594725,,0.9102730938,,0.9621173078,4,0.9970299295,,0.004582111437,,-0.07701671671,3.830141553,0.981475605,,,0.02510997067,-0.9676441188,0,,40.41422287,0.009897360704,1.269487812,,,0.981475605,2.158131507,,0.7235806675,0,1.119040273,2205,328,,1.28701126,1.400882875,1.715434632,0.9621173078,1.25123997,0.02510997067,1.176073671,96,,0,0.9970299295,0.009897360704,14.34959186,0.9850543933,0,0.3588799529,0.9918903688,,0.9850543933,4,0.8964474272,,-1.604595454,0.3011363636,0.8028011371,,1.522257638,0.7815892099,0.01756394845,0.9275893676,,0.9850543933,0.9820594725,6.011730205,4,0,2.045792346,0.9970299295,5.982887394,,0.01228005865,,0.9621173078,2.734725394,0.9820594725,0.01228005865,0.4995382952,0.135813783,0.794892754,2.368822458,,0.9918903688,0.7851146088,0,,,0.9918903688,0.02510997067,1.714632742,0.981475605,0.009897360704,,4
23381,500,13,2,835,1,,3.5286,,-1.164764958,12,1.372934271,,0.02698419265,3.5286,0.0498068228,,92.30769231,,,0.026,0.04339185153,-0.5820891187,-1.164764958,,,,,-0.5820891187,7.692307692,1.982851486,58,,3.5286,2.808545098,0.005205465655,,3.5286,2.321676322,-1.164764958,7.549332702,2.005364059,290,210,30.47310672,2.005364059,2.005364059,2.005364059,,2.005364059,,-1.164764958,7.692307692,68.22676051,1,,,-0.5820891187,,401,,,2.571185549,,2,,,-0.5820891187,,2.005364059,2.229601149,-1.164764958,,-1.164764958,0.4729458918,,,,42,24,80.2,3.5286,,-0.5820891187,,,,,3.5286,,,,,,-0.5820891187,,,,12.84615385,0.03220721485,0.03539008405,,,0.981453895,,,,13.08333333
6332,540,40,2,999,18,,37287.53148,,1.306230975,22,0,,0.00779021646,0.0381443299,0.2164136562,,55,,,0.07407407407,0.09383719226,1.464910852,11.52952454,,,,,0.3766511445,10,0.3605598644,57.77777778,,2.129277747,4.990635884,0,,32.8373144,1.125252066,-0.184595811,15.56683384,1.095676406,312,228,17.86523279,4.758435432,8.302573324,8728.998307,,506.9602781,,0.4152062461,45,22.58361052,4,,,137.5773376,,263,,,1.393805644,,1,,,-1.751947354,,0.1933538207,1.296948463,1.192745461,,-1.9488541,0.8107606679,,,,42.22222222,71,48.7037037,2198.883738,,5.481462049,,,,,61.36619107,,,,,,10.36850311,,,,4.625,0.05499363476,0.04690027696,,,0.9824740868,,,,7.3
40979,2000,241,10,0,240,,6.2765,,0.3824727578,1,,,,1.175,,,0.4149377593,,,0.1205,,-1.550276108,4.302409294,,,,,-1.769106996,0,,10,,3.35125,,,,4.09775,,-0.6889283214,0,2.225240387,200,200,,2.620361276,2.729553473,2.888415911,,2.446120142,,-0.1838144748,99.58506224,,0,,,18.11634656,,0,,,,,10,,,-1.918398645,,0.6903718611,,-0.03637034304,,-2.338510613,0.9954977489,,,,10,10,0,4.026270833,,-0.6835834786,,,,,4.934375,,,,,,-0.8278608187,,,,0,,,,,3.321928095,,,,10
40994,540,21,2,0,20,,0.5001191462,,0.000388694123,1,,,,0.4999131337,,,4.761904762,,,0.03888888889,,-1.199991449,0.001274561792,,,,,-1.200335591,4.761904762,,91.48148148,,0.4999745066,,,,0.5000268872,,-0.0005817142361,0,0.2888577474,494,46,,0.2889375382,0.2890104317,0.2891269143,,0.2889411478,,-0.0001809025119,95.23809524,,1,,,-1.198660524,,0,,,,,2,,,-1.201386143,,0.2888133857,,0.000005469199017,,-0.0008327431521,0.8385899814,,,,8.518518519,2,0,0.5000220581,,-1.199487541,,,,,0.500063012,,,,,,-1.200005783,,,,0,,,,,0.4201910371,,,,2
40966,1080,82,8,1396,77,,3.843933946,,0.9742697242,5,,,,0.1208891481,,,6.097560976,,,0.07592592593,,0.892962901,4.738900324,,,,,0.2100782492,3.658536585,,13.88888889,,0.1942870566,,,,0.3785185425,,0.03001495604,0,0.03224130545,150,105,,0.06643215896,0.230569867,1.295169468,,0.1582141782,,0.4589498552,93.90243902,,3,,,62.54850589,,528,,,,,8,,,-0.7374629664,,0.01323331884,,0.7856041308,,-0.8812167379,0.9935125116,,,,9.722222222,8,48.88888889,0.671886812,,2.288843621,,,,,0.7924297706,,,,,,4.539576265,,,,1.57633243,,,,,2.993026787,,,,8
40923,92000,1025,46,0,1024,,163.7133261,,1.197797313,1,,,,0,,,0.09756097561,,,0.01114130435,,-1.295485706,5.207717655,,,,,-1.559747923,0,,2.173913043,,19.58476359,,,,75.2598587,,0.4909297274,0,59.85722469,2000,2000,,103.5712358,108.3330242,115.1620005,,77.05396737,,0.7091543407,99.90243902,,0,,,27.70170879,,0,,,,,46,,,-1.839789555,,0,,0.9291540443,,-0.6101155606,0.9995108642,,,,2.173913043,46,0,61.25059868,,-0.3580469428,,,,,92.53509511,,,,,,-0.2713245943,,,,0,,,,,5.523561956,,,,46
40927,60000,3073,10,0,3072,,140.5589333,,0.2622495593,1,,,,99.97718333,,,0.0325414904,,,0.05121666667,,-0.7309628357,0.5522811187,,,,,-0.8463004771,0,,10,,114.1513208,,,,121.7308,,0.09219626825,0,60.02352012,6000,6000,,61.54224833,65.19082685,80.39663857,,63.29020189,,0.1662982799,99.96745851,,0,,,-0.3916993062,,0,,,,,10,,,-1.324785712,,57.46430398,,0.2019048513,,-0.07885944658,0.09865164419,,,,10,10,0,120.8444967,,-0.64584229,,,,,127.9578375,,,,,,-0.7583784658,,,,0,,,,,3.321928095,,,,10
40499,5500,41,11,0,40,,-0.2421590909,,0.5188938465,1,,,,-1.098305455,,,2.43902439,,,0.007454545455,,0.03066406679,2.66885068,,,,,-0.618643459,0,,9.090909091,,-0.7075200455,,,,-0.580428,,-0.286449497,0,0.2005723569,500,500,,0.2222467273,0.2535112715,0.3483659145,,0.2332013017,,0.02715653994,97.56097561,,0,,,11.44861121,,0,,,,,11,,,-1.080511792,,0.1389768822,,0.2853136376,,-1.140240982,0.9981814875,,,,9.090909091,11,0,-0.6055166227,,1.086225226,,,,,-0.4852756364,,,,,,1.198135059,,,,0,,,,,3.459431619,,,,11
1480,583,11,2,0,9,,,,,2,,,,,,,18.18181818,,,0.01886792453,,,,,,,,,18.18181818,,71.35506003,,,,,,,,,,,416,167,,,,,,,,,81.81818182,,2,,,,,0,,,,,,,,,,,,,,,0.6134020619,,,,28.64493997,,0,,,,,,,,,,,,,,,,,,0,,,,,,,,,
40982,1941,28,7,0,27,,1650738.705,,2.811168956,1,,,,-0.1313050489,,,3.571428571,,,0.01442555384,,-0.04144810979,39.29315841,,,,,-1.14514346,0,,34.67284905,,0.5707671303,,,,1.403271303,,-0.05630567708,0,0.2997117487,673,55,,0.5008680465,426.4828792,1774590.089,,150690.0915,,0.6793387185,96.42857143,,0,,,1663.051848,,0,,,,,7,,,-1.856356413,,0.05896116935,,3.741247384,,-0.9285824125,0.9969072165,,,,2.833590933,7,0,130102.8252,,11.3571936,,,,,571.1360124,,,,,,109.5860368,,,,0,,,,,2.410690442,,,,7
40983,4839,6,2,0,5,,525.8003008,,7.463963255,1,,,,24.48200695,,,16.66666667,,,0.001239925604,,17.18850489,7.731518525,,,,,3.748219132,16.66666667,,94.60632362,,70.39366917,,,,126.8555469,,-0.2828213495,0,12.08875649,4578,261,,62.00562174,109.9221189,156.5792972,,61.2054745,,2.504862838,83.33333333,,1,,,119.739435,,0,,,,,2,,,-0.01531650184,,10.72699678,,3.37342933,,-0.7507825286,0.965481604,,,,5.393676379,2,0,204.9711689,,107.677326,,,,,378.6064796,,,,,,48.00791902,,,,0,,,,,0.3028903172,,,,2
40670,3186,181,3,0,0,,,,,181,0.580908251,,0.001980788011,,0.3836322812,,100,,,0.05681104834,0.01605573525,,,,,,,,99.44751381,0.7666079549,51.91462649,,,0.9999954519,0.00000194477877,,,0.8080280989,,0.07432941462,,1654,765,68.42526607,,,,,,,,0,36.27210689,180,,,,,0,,,0.8479328585,,2,,,,,,0.8060631191,,,,0.3755102041,,,,24.01129944,3,0,,,,,,,,,,,,,,,,,,0,0.02162644365,0.005158575965,,,1.479795161,,,,2.005524862
1475,6118,52,6,0,51,0.4851258581,0.05295462373,0.8345864662,10.45437374,1,,0.6943273232,,-0.04091056702,,0.3568830761,1.923076923,0.7474597786,,0.008499509644,,15.28650144,53.78484492,0.3462427496,,,0.4870872834,1.332677398,0,,41.74566852,0.5052304675,-0.008159799444,,,0.3462427496,-0.002469232265,,1.333044163,0,0.9727856745,2554,486,,0.9971927024,1.003668042,1.506366292,0.3568830761,0.9916438519,0.4870872834,3.142627991,98.07692308,,0,0.7474597786,0.5052304675,2944.652532,0.3022006427,0,0.05473977746,0.7090827191,,0.3022006427,6,0.716082345,,-0.9719716024,0.5825433148,0.8394622129,,7.440976028,0.595804143,-1.875764427,0.3678273664,,0.3022006427,0.6943273232,7.943772475,6,0,-0.0005510331199,0.7474597786,137.4911807,,0.4851258581,,0.3568830761,0.002845900948,0.6943273232,0.4851258581,0,0.4635501798,0.3867635867,228.1908673,,0.7090827191,0.6204966659,0,,,0.7090827191,0.4870872834,2.300007058,0.3462427496,0.5052304675,,6
4538,9873,33,5,0,32,,0.0111163966,,2.372879468,1,,,,-0.0000147225514,,,3.03030303,,,0.003342449104,,32.23273657,7.171537945,,,,,10.69287488,0,,29.87946926,,-7.29E-07,,,,0.00001231754431,,-0.5290674347,0,0.001689436373,2950,998,,0.00434463807,0.008791262133,0.0133512149,,0.005340125416,,0.2510938168,96.96969697,,0,,,193.8979579,,0,,,,,5,,,7.601727432,,0.0009539442478,,0.9535035837,,-1.883855888,0.960595624,,,,10.10837638,5,0,0.001309779308,,52.88939311,,,,,0.0009602516251,,,,,,47.82230871,,,,0,,,,,2.193423736,,,,5
40701,5000,21,2,0,16,,2499.5,,0.01931537351,5,0.4516404367,,0.002518914149,2.771196,0.0502421324,,23.80952381,,,0.0042,0.04677521517,0.08236840614,1.360692479,,,,,-0.02126233437,14.28571429,0.5471325281,85.86,,9.328744,2.277504389,0.00008063806707,,65.284434,1.167298092,-0.04852515449,3.492849839,3.145257611,4293,707,24.36082582,17.31498802,47.81948183,1443.520003,,109.2406866,,-0.01100401147,76.19047619,51.45716145,3,,,3.268183647,,0,,,2.083375137,,2,,,-1.2,,0.7455137073,1.265935252,0.1395287334,,-0.2102861147,0.7583516703,,,,14.14,10,0,224.3224236,,0.19398733,,,,,160.281325,,,,,,0.184769794,,,,0,0.02413274408,0.02310410292,,,0.5878935751,,,,3.8
4534,11055,31,2,0,0,,,,,31,0.2561389659,,0.001051012803,,0.4994827565,,100,,,0.002804161013,0.0397568479,,,,,,,,74.19354839,0.5710587174,55.69425599,,,1.580462199,5.32E-09,,,0.7003712325,,0.444802723,,6157,4898,19.05746469,,,,,,,,0,15.06352429,23,,,,,0,,,0.9956082833,,2,,,,,,0.8349962447,,,,0.5140220735,,,,44.30574401,3,0,,,,,,,,,,,,,,,,,,0,0.05198088723,0.004244512284,,,0.9906239227,,,,2.258064516
4134,3751,1777,2,0,1776,,0.9741670958,,10.53130006,1,,,,0.00004443259584,,,0.05627462015,,,0.4737403359,,43.1701021,61.24540799,,,,,6.24739991,0.05627462015,,54.22553986,,0.006487158975,,,,0.01999466809,,2.48008597,0,0.04536734329,2034,1717,,0.1076131649,0.253002509,0.5000666445,,0.1580308124,,6.277325877,99.94372538,,1,,,3751,,0,,,,,2,,,-2.001066951,,0.00272129246,,8.206743926,,-31.46052679,0.4962666667,,,,45.77446014,2,0,0.08787999841,,144.5632193,,,,,0.09590775793,,,,,,162.4508825,,,,0,,,,,0.9948419319,,,,2
1485,2600,501,2,0,500,0.2923076923,517.7488462,0.4096153846,0.07116066518,1,,0.5111538462,,475.7761538,,0.02230769231,0.1996007984,0.7239408284,,0.1926923077,,0.09616220992,0.1717535021,0.4153846154,,,0.4888461538,0.0258133015,0.1996007984,,50,0.3034615385,480.0515385,,,0.4153846154,485.0065385,,-0.002856098695,0,11.66469228,1300,1300,,23.36274468,35.62071586,133.6413216,0.02230769231,24.75203967,0.4888461538,0.03326610913,99.8003992,,1,0.7239408284,0.3034615385,0.5734776935,0.3930769231,0,0.1807692308,0.758010355,,0.3930769231,2,0.5426923077,,-0.9638894529,0.3846153846,0.5957395278,,0.03294974369,0.6177597633,-0.11914882,0.5105809927,,0.3930769231,0.5111538462,50,2,0,488.0610338,0.7239408284,0.1806605276,,0.2923076923,,0.02230769231,494.3944231,0.5111538462,0.2923076923,0.2307692308,0.4573076923,0.08538461538,0.08333149342,,0.758010355,0.6307242604,0,,,0.758010355,0.4888461538,1,0.4153846154,0.3034615385,,2
1489,5404,6,2,0,5,0.1815321984,6.11E-09,0.2403774981,1.363664264,1,,0.8065602505,,-6.70E-08,,0.6203230054,16.66666667,0.875632829,,0.001110288675,,-0.3066496519,1.482393053,0.5579430306,,,0.1556254626,-0.6590595801,16.66666667,,70.65136936,0.1659881569,-3.82E-08,,,0.5579430306,3.33E-09,,0.3428833817,0,0.9999999997,3818,1586,,1.000000003,1.00000001,1.000000016,0.6203230054,1.000000005,0.1556254626,0.4842310007,83.33333333,,1,0.875632829,0.1659881569,1.765117403,0.589375338,0,0.4633846461,0.8550177463,,0.589375338,2,0.8367145868,,-0.857283481,0.2474093264,0.9999999985,,0.7794652586,0.7404866739,0.2094948505,0.5918933926,,0.589375338,0.8065602505,29.34863064,2,0,-1.23E-08,0.875632829,1.661756878,,0.1815321984,,0.6203230054,5.83E-09,0.8065602505,0.1815321984,0.4488154161,0.1267579571,0.6877227093,0.3397489886,,0.8550177463,0.8173487304,0,,,0.8550177463,0.1556254626,0.8731822577,0.5579430306,0.1659881569,,2
1486,34465,119,2,0,89,0.05788481068,0.9997583802,0.1649499492,-0.8289415958,30,0.1998556134,0.9273790728,0.01406824858,0.3961681076,0.260716643,0.8524138497,25.21008403,0.9745841595,,0.003452778181,0.08081940797,9.352204079,1.960270766,0.8575950375,,,0.06038009575,0.9541178004,2.521008403,0.4286572966,71.43769041,0.05266212099,0.6643064992,1.368401062,0.0007056214135,0.8575950375,0.8096890144,0.9490127634,-4.389057157,0.3051285766,0.1086060774,24621,9844,15.43338277,0.1808000602,0.2340242351,0.4243820047,0.8524138497,0.1782232111,0.06038009575,-2.504117109,74.78991597,14.08644795,3,0.9745841595,0.05266212099,4303.667763,0.870562448,0,0.5807524986,0.9686367703,1.143548225,0.870562448,2,0.939467927,,-1.84145693,0.1473088641,0.01523385027,0.8436001793,-6.856689216,0.8367482155,-65.61537185,0.9483228877,,0.870562448,0.9273790728,28.56230959,3,0,0.7934464504,0.9745841595,27.3918939,,0.05788481068,,0.8524138497,0.9260137454,0.9273790728,0.05788481068,0.6512605891,0.05208182214,0.872526643,306.4411178,,0.9686367703,0.9049229436,0,0.05591774699,0.03711930224,0.9686367703,0.06038009575,0.8629999928,0.8575950375,0.05266212099,,2.9
41027,44819,7,3,0,6,,4.158705013,,0.00003411559014,1,,,,2.999933064,,,14.28571429,,,0.0001561837614,,-1.334491089,0.00004447057582,,,,,-1.421674194,0,,51.45585578,,2.999949798,,,,4.000089248,,-0.6292509535,0,2.101940128,23062,4335,,2.713341211,2.755325519,2.755325519,,2.523533408,,-0.00002719303354,85.71428571,,0,,,-1.247268087,,0,,,,,3,,,-1.421674194,,2.101920224,,-0.2097468598,,-0.6292509535,0.7008344861,,,,9.672237221,3,0,3.719579494,,-1.247268087,,,,,4.158705013,,,,,,-1.33447779,,,,0,,,,,1.349109089,,,,3
40975,1728,7,4,0,0,,,,,7,1.584962501,,0.02362753509,,0.2621843566,,100,,,0.004050925926,0.2302933116,,,,,,,,0,1.584962501,70.02314815,,,2,0.004485716627,,,1.79248125,,0.5345224838,,1210,65,10.53824918,,,,,,,,0,14.6663948,0,,,,,0,,,2,,3,,,,,,1.79248125,,,,0.5993051534,,,,3.761574074,4,0,,,,,,,,,,,,,,,,,,0,0.1144156823,0.08507645805,,,1.20574097,,,,3.571428571
40996,70000,785,10,0,784,,161.7401286,,2.35994006,1,,,,0.0007714285714,,,0.127388535,,,0.01121428571,,-0.7892598867,155.9112035,,,,,-1.479815279,0,,10,,24.10008571,,,,76.12295,,-0.04744690654,0,57.74199203,7000,7000,,81.31604828,90.54833301,103.6457375,,70.07662619,,0.6561051172,99.87261146,,0,,,26177.85275,,0,,,,,10,,,-1.736521429,,0.08733891057,,3.621922111,,-0.8681746555,0.10150145,,,,10,10,0,72.96981142,,4.471188527,,,,,112.8220964,,,,,,199.6731496,,,,0,,,,,3.321928095,,,,10
40984,2310,20,7,0,19,,123.417316,,5.413962654,1,,,,-12.69086036,,,5,,,0.008658008658,,0.8102543975,16.90093525,,,,,0.1377696373,0,,14.28571429,,0.0119288,,,,6.97650622,,0.8630487948,0,1.216079013,330,330,,15.57768994,43.07318493,58.81152787,,22.66794681,,1.331482217,95,,0,,,339.2210943,,0,,,,,7,,,-0.7504723612,,0,,3.51321764,,-0.8853608418,0.1481160676,,,,14.28571429,7,0,19.06199365,,35.91283984,,,,,34.87209938,,,,,,40.8544297,,,,0,,,,,2.807354922,,,,7
23517,96320,22,2,0,21,,0.5171499966,,0.01843481276,1,,,,0.4860706122,,,4.545454545,,,0.0002284053156,,-1.192732008,0.06818169405,,,,,-1.234248925,4.545454545,,50.51702658,,0.4941346268,,,,0.501307773,,-0.02930209564,0,0.2867131852,48658,47662,,0.290365311,0.2936311193,0.3007429623,,0.2903794894,,0.005062186069,95.45454545,,1,,,-1.127356906,,0,,,,,2,,,-1.300467416,,0.2828708092,,-0.002565864884,,-0.1002872069,0.4996625796,,,,49.48297342,2,0,0.5009744863,,-1.165157689,,,,,0.5059519529,,,,,,-1.200550128,,,,0,,,,,0.9999228674,,,,2
40668,67557,43,3,0,0,,,,,43,0.01472538791,,0.0009071445225,,0.03037979731,,100,,,0.0006364995485,0.008281384478,,,,,,,,0,0.1602460903,65.83033586,,,1.579788777,0.0002027000175,,,0.5586352919,,0,,44473,6449,205.8423169,,,,,,,,0,113.8805291,0,,,,,0,,,1.219360611,,3,,,,,,0.6800133933,,,,0.6196340814,,,,9.546012996,3,0,,,,,,,,,,,,,,,,,,0,0.005919309377,0.001673655294,,,1.218444356,,,,3
40978,3279,1559,2,0,3,,112.6593474,,7.516081525,1556,0.0135661542,,0.0006645916356,2.82629323,0.1550009012,,99.80756895,,,0.4754498323,0.004307460984,10.88058969,7.516081525,,,,,2.624821455,99.80756895,0.03240582223,86.00182983,,2.82629323,0.8659834626,1.05E-07,,46.39097286,0.04213879111,1.714678922,0,5.426729798,2820,459,122.585762,54.76677706,130.657205,130.657205,,63.61690395,,2.35734216,0.1924310455,11.50011447,1556,,,73.92065863,,0,,,0.0602748818,,2,,,2.624821455,,5.426729798,0.05957015608,3.862700869,,1.714678922,0.9996949359,,,,13.99817017,2,0,53.95887115,,73.92065863,,,,,112.6593474,,,,,,29.14202326,,,,0,0.004765568846,0.001064400966,,,0.5841908881,,,,2
1468,1080,857,9,0,856,0.1935185185,0.437037037,0.08333333333,32.86335345,1,,0.8760416667,,0.0009259259259,,0.7520833333,0.1166861144,0.9466849923,,0.7935185185,,537.4925737,32.86335345,0.7822916667,,,0.2203703704,211.9903671,0,,11.11111111,0.2296296296,0.0009259259259,,,0.7822916667,0.001851851852,,14.61498529,0,0.03042903097,120,120,,0.04301320245,0.07436270271,0.617716893,0.7520833333,0.06570782004,0.2203703704,23.20554285,99.88331389,,0,0.9466849923,0.2296296296,1080,0.7416666667,0,0.90625,0.9610865162,,0.7416666667,9,0.9059167631,,-1.259416834,0.8111111111,0.03042903097,,23.16238194,0.6548924576,0.6326488459,0,,0.7416666667,0.8760416667,11.11111111,9,0,0.008213265836,0.9466849923,1080,,0.1935185185,,0.7520833333,0.00462962963,0.8760416667,0.1935185185,0.0875,0.1888888889,0.7875,636.4605778,,0.9610865162,0.9858796296,0,,,0.9610865162,0.2203703704,3.169925001,0.7822916667,0.2296296296,,9
1501,1593,257,10,0,256,0.3044569994,0.6465787822,0.1456371626,1.102539428,1,,0.8040428166,,0.04080351538,,0.6079674136,0.3891050584,0.8844064987,,0.1613308223,,-1.441320217,4.646599171,0.6616553207,,,0.3527934714,-1.786554073,0,,10.16949153,0.3358443189,0.2587884495,,,0.6616553207,0.3248587571,,0.4481484384,0,0.4381065848,162,155,,0.4684689957,0.4872175903,0.5000622976,0.6079674136,0.4553505374,0.3527934714,0.7486578591,99.61089494,,0,0.8844064987,0.3358443189,19.61550943,0.62676609,0,0.8381851036,0.8480407833,,0.62676609,10,0.9416184406,,-2.000995594,0.8041431262,0.1978968748,,0.8093820478,0.6837711579,-0.6138373506,0.9252512563,,0.62676609,0.8040428166,9.730069052,10,0,0.3286252354,0.8844064987,-0.7853918227,,0.3044569994,,0.6079674136,0.3907721281,0.8040428166,0.3044569994,0.1061906009,0.1148775895,0.8723386645,-0.9633611989,,0.8480407833,0.9851965663,0,,,0.8480407833,0.3527934714,3.32181949,0.6616553207,0.3358443189,,10
1461,45211,17,2,0,7,0.0992899958,1362.272058,0.1217402844,8.360308326,10,0.130212212,0.6859941691,0.00338990117,0.5803233726,0.04241125452,0.3521540406,58.82352941,0.8799414791,,0.0003760146867,0.02739533863,18.15391527,41.84645447,0.4264059732,,,0.1330428436,0.3195703759,23.52941176,0.7859331318,88.30151954,0.1023865873,2.763840658,3.055352982,0.0004244883501,0.4264059732,40.19782796,1.177525384,0.6848179257,3.977715704,3.098020883,39922,5289,34.95425877,10.61876204,257.5278123,3044.765829,0.3521540406,489.5378696,0.1330428436,3.144318099,41.17647059,94.43695536,4,0.8799414791,0.1023865873,4506.86066,0.4389412917,0,0.4313532735,0.81055394,2.276141334,0.4389412917,2,0.6363436045,,-1.059897373,0.1169848046,2.303441045,1.421499422,8.806191925,0.7045483801,0.09307901402,0.8430878124,,0.4389412917,0.6859941691,11.69848046,12,0,245.8171084,0.8799414791,140.7515466,,0.0992899958,,0.3521540406,258.1630798,0.6859941691,0.0992899958,0,0.1312733627,0.3030372783,673.0300916,,0.81055394,0.8590627537,0,0.01489464345,0.0119228893,0.81055394,0.1330428436,0.5206312213,0.4264059732,0.1023865873,,4.6
1478,10299,562,6,0,561,0.07272550733,0.8302754957,0.2513836295,2.415984754,1,,0.9110238048,,-0.9845489552,,0.8220355956,0.1779359431,0.987311612,,0.0545684047,,0.5868977421,14.02948377,0.912520332,,,0.1479755316,-0.2693326392,0,,18.87561899,0.07952228372,-0.8685016383,,,0.912520332,-0.6602843345,,0.1545266469,0,0.1888926654,1944,1406,,0.2631163994,0.3572807369,0.7494800593,0.8220355956,0.2792315145,0.1479755316,0.8690285491,99.82206406,,0,0.987311612,0.07952228372,373.4292823,0.9043636137,0,0.6984037726,0.9682595475,,0.9043636137,6,0.974872152,,-1.847353386,0.6443344014,0.03712816435,,1.637097587,0.7973312056,-3.490402092,0.9612546125,,0.9043636137,0.9110238048,13.65181086,6,0,-0.5086202176,0.987311612,8.904678987,,0.07272550733,,0.8220355956,-0.1033678709,0.9110238048,0.07272550733,0.2152126208,0.0422371104,0.9491895793,13.66295685,,0.9682595475,0.9584285763,0,,,0.9682595475,0.1479755316,2.575922876,0.912520332,0.07952228372,,6
1510,569,31,2,0,30,0.04920913884,880.5831283,0.07205623902,1.975448757,1,,0.9583333333,,0.003794903339,,0.8588874813,3.225806452,0.963043708,,0.05448154657,,3.022590146,5.447186285,0.8012438101,,,0.1019332162,0.9651825548,3.225806452,,62.74165202,0.07029876977,0.05932799385,,,0.8941381281,0.2177134534,,0.978582712,0,0.01802299534,357,212,,0.07272607466,4.434087221,569.3569927,0.7802913294,34.9047186,0.06502636204,1.41755377,96.77419355,,1,0.8700584007,0.09490333919,49.20907651,0.8519077612,0,0.8451371786,0.9897886866,,0.887012007,2,0.9512248296,,-0.5355351225,0.08963093146,0.002646071524,,1.740406629,0.8721592411,0.4154259963,0.625,,0.790177413,0.9563051636,37.25834798,2,0,61.89071234,0.965170974,5.985908976,,0.08963093146,,0.7815409508,17.02430448,0.8897785529,0.04920913884,0.8012438101,0.04393673111,0.9052064799,7.814734825,,0.9492032662,0.9797278811,0,,,0.8721592411,0.09841827768,0.9526351224,0.8945445399,0.05272407733,,2
1462,1372,5,2,0,4,0.1246355685,1.922353121,0.1588921283,0.7790794824,1,,0.9330450497,,-1.191656521,,0.8674539679,20,0.9101996472,,0.003644314869,,0.03014211578,1.088568544,0.6220644979,,,0.09912536443,-0.6729889171,20,,55.5393586,0.1144314869,-0.7853085765,,,0.7466787022,0.915681187,,-0.8652081514,0,2.286450499,762,610,,3.576396338,5.47929258,5.869046744,0.800525114,3.780713139,0.06632653061,-0.2717455877,80,,1,0.834496149,0.193148688,1.270475916,0.769236373,0,0.6763618736,0.9528828364,,0.8515038073,2,0.998687664,,-0.7515813814,0.193148688,2.101013137,,-0.1192914189,0.834496149,-1.022243044,0.9992706054,,0.6220644979,0.9764080719,44.4606414,2,0,0.6405147434,0.9400972419,1.077230876,,0.193148688,,0.5620538416,1.79117162,0.8148164881,0.0612244898,0.6220644979,0.001457725948,0.9970492847,0.1447946914,,0.9382578202,0.9396067295,0,,,0.834496149,0.2244897959,0.9911281257,0.8763125585,0.07434402332,,2
12,2000,217,10,0,216,0.1335,1141.5705,0.0765,0.3665125978,1,,0.8927777778,,6.7675,,0.7855555556,0.4608294931,0.9486284722,,0.1085,,-0.4026911656,0.8630705307,0.8516666667,,,0.193,-0.6970467475,0,,10,0.1575,14.118125,,,0.8516666667,146.47975,,-0.2190263674,0,5.542689318,200,200,,30.29006568,91.59687126,153.5115814,0.7855555556,49.58131318,0.193,-0.0141193613,99.53917051,,0,0.9486284722,0.1575,1.7012863,0.825,0,0.915,0.9360315278,,0.825,10,0.9753261111,,-1.389320959,0.8065,1.985485035,,0.0275605169,0.7207469444,-1.073823789,0.9954977489,,0.825,0.8927777778,10,10,0,318.2703889,0.9486284722,0.01138630536,,0.1335,,0.7855555556,684.50275,0.8927777778,0.1335,0.1038888889,0.044,0.9511111111,-0.3151882007,,0.9360315278,0.9919075,0,,,0.9360315278,0.193,3.321928095,0.8516666667,0.1575,,10
15,699,10,2,16,9,0.05579399142,4.417739628,0.04005722461,1.618319946,1,,0.9516904856,,1.589413448,,0.9017452695,10,0.9527804454,,0.01430615165,,0.1846213115,3.560657844,0.8768738116,,,0.0443490701,-0.3083522161,10,,65.52217454,0.05579399142,2.836909871,,,0.8768738116,3.207439199,,1.044992368,0,2.326332069,458,241,,2.855379239,3.052546502,3.64385716,0.9017452695,2.751080546,0.0443490701,1.233136558,90,,1,0.9527804454,0.05579399142,12.65787807,0.875655113,16,0.9125445722,0.9269600826,,0.875655113,2,0.9752215115,,-0.7988441354,0.0886981402,1.715077943,,1.477488667,0.9249080433,0.5928585327,0.6318051576,,0.875655113,0.9516904856,34.47782546,2,2.288984263,3.1357041,0.9527804454,1.578506746,,0.05579399142,,0.9017452695,3.491212085,0.9516904856,0.05579399142,0.8107527445,0.04291845494,0.9044446672,1.684115096,,0.9269600826,0.9883078466,0.2288984263,,,0.9269600826,0.0443490701,0.9293179372,0.8768738116,0.05579399142,,2
16,2000,65,10,0,64,0.2105,2.891171124,0.068,0.0591765365,1,,0.83,,-1.819707274,,0.66,1.538461538,0.9227765278,,0.0325,,-0.01734588579,0.4187220481,0.7661111111,,,0.306,-0.1495295371,0,,10,0.2055,-0.2984167952,,,0.7661111111,0.004483087817,,-0.1042020103,0,1.14384828,200,200,,1.647650507,2.66148037,7.691305182,0.66,2.152662829,0.306,-0.02081590847,98.46153846,,0,0.9227765278,0.2055,0.5809426014,0.7716666667,0,0.9244444444,0.8933529167,,0.7716666667,10,0.9722748611,,-0.9447092659,0.8045,0.8923441139,,-0.004285662608,0.6936666667,-0.3391130927,0.9954977489,,0.7716666667,0.83,10,10,0,0.05308473925,0.9227765278,0.07165494057,,0.2105,,0.66,0.3324611389,0.83,0.2105,0.1061111111,0.05,0.9444444444,-0.04565484575,,0.8933529167,0.9956313889,0,,,0.8933529167,0.306,3.321928095,0.7661111111,0.2055,,10
14,2000,77,10,0,76,0.254,0.3773105718,0.2465,0.7107847695,1,,0.7913888889,,0.07169202572,,0.5827777778,1.298701299,0.9261233333,,0.0385,,0.06302301358,1.029985535,0.7177777778,,,0.3755,-0.178901488,0,,10,0.2845,0.08632613466,,,0.7177777778,0.1064998764,,0.4089907636,0,0.0427043054,200,200,,0.05275929754,0.08633520114,0.1762306706,0.5827777778,0.06710795167,0.3755,0.5542281676,98.7012987,,0,0.9261233333,0.2845,1.99492262,0.6838888889,0,0.7261111111,0.8794304167,,0.6838888889,10,0.8825091667,,-1.12527931,0.8045,0.03755549892,,0.5447006836,0.72435,-0.1206246203,0.9954977489,,0.6838888889,0.7913888889,10,10,0,0.132032084,0.9261233333,0.4381040237,,0.254,,0.5827777778,0.1557681066,0.7913888889,0.254,0.1061111111,0.2115,0.765,0.1190062808,,0.8794304167,0.9626375,0,,,0.8794304167,0.3755,3.321928095,0.7177777778,0.2845,,10
18,2000,7,10,0,6,0.295,6155.200435,0.2995,0.7676581134,1,,0.8167275,,0.4925,,0.6283333333,14.28571429,0.9442476389,,0.0035,,-0.6352635312,1.008483001,0.6722222222,,,0.3345,-0.8692491114,0,,10,0.2935,0.65825,,,0.6722222222,1.686534393,,0.2147713148,0,0.5715449991,200,200,,0.9208719889,958.166127,3757.634467,0.6283333333,630.9070825,0.3345,0.6245331546,85.71428571,,0,0.9442476389,0.2935,0.07949387006,0.6738888889,0,0.6672222222,0.9114204167,,0.6738888889,10,0.8227808333,,-1.038355931,0.8015,0.2913157172,,0.5315671843,0.76125,-0.06283666261,0.9954977489,,0.6738888889,0.8167275,10,10,0,1052.699732,0.9442476389,-0.111490713,,0.295,,0.6283333333,1656.114273,0.8167275,0.295,0.1094444444,0.3295,0.6338888889,-0.5362369226,,0.9114204167,0.9512127778,0,,,0.9114204167,0.3345,3.321928095,0.6722222222,0.2935,,10
11,625,5,3,0,4,0.1984,3,0.104,0,1,,0.834430638,,3,,0.6257317782,20,0.8525668274,,0.008,,-1.300798439,0,0.6373963655,,,0.2144,-1.300798439,0,,46.08,0.2144,3,,,0.6373963655,3,,0,0,1.415346293,288,49,,1.415346293,1.415346293,1.415346293,0.6257317782,1.415346293,0.2144,0,80,,0,0.8525668274,0.2144,-1.300798439,0.6023738872,0,0.8071216617,0.8406824596,,0.6023738872,3,0.9232008696,,-1.300798439,0.376,1.415346293,,0,0.6469194362,0,0.6971153846,,0.6023738872,0.834430638,7.84,3,0,3,0.8525668274,-1.300798439,,0.1984,,0.6257317782,3,0.834430638,0.1984,0.3026706231,0.1648,0.7027931671,-1.300798439,,0.8406824596,0.9630951121,0,,,0.8406824596,0.2144,1.318116246,0.6373963655,0.2144,,3
3,3196,37,2,0,0,0.05913642053,,0.1210888611,,37,0.004094030353,0.9451363376,0.0007775955777,,0.1982668796,0.8908498654,100,0.997615519,,0.01157697121,0.01848612084,,,0.8811920214,,,0.05444305382,,94.59459459,0.2875600036,52.22152691,0.01376720901,,0.9956521852,1.18E-09,0.8811920214,,0.6794996248,,0.1643989873,,1669,1527,52.1404017,,,,0.8908498654,,0.05444305382,,0,29.81446298,35,0.997615519,0.01376720901,,0.9724172669,0,0.7569708778,0.9619120657,0.9132329807,0.9724172669,2,0.9728427353,,,0.3394868586,,0.5901482912,,0.6714034536,,0.9990610329,,0.9724172669,0.9451363376,47.77847309,3,0,,0.997615519,,,0.05913642053,,0.8908498654,,0.9451363376,0.05913642053,0.3396437688,0.06914893617,0.8609676574,,,0.9619120657,0.9520419939,0,0.01915166562,0.005426489213,0.9619120657,0.05444305382,0.9985755387,0.8811920214,0.01376720901,,2.027027027
6,20000,17,26,0,16,0.15215,8.33885,0.36025,0.6533780026,1,,0.9080139521,,3.0461,,0.8160170803,5.882352941,0.954430325,,0.00085,,0.885304439,1.159975015,0.8417568639,,,0.1769,0.3091324959,0,,4.065,0.20315,4.1748125,,,0.8417568639,5.913225,,-0.1373304281,0,2.017438813,813,734,,2.293372102,2.547423135,3.304555304,0.8160170803,2.273771145,0.1769,0.2543345879,94.11764706,,0,0.954430325,0.20315,2.075245046,0.7887152322,0,0.625325051,0.9425298056,,0.7887152322,26,0.9731018928,,-0.4211788221,0.9293,1.546722436,,0.2902970341,0.6574545268,-0.3100790699,0.0409020451,,0.7887152322,0.9080139521,3.67,26,0,5.925465625,0.954430325,1.172838982,,0.15215,,0.8160170803,7.7260125,0.9080139521,0.15215,0.03276976655,0.05785,0.9398338782,0.6977379005,,0.9425298056,0.9559207237,0,,,0.9425298056,0.1769,4.699810727,0.8417568639,0.20315,,26
151,45312,9,2,0,7,0.238391596,0.5005263909,0.270590572,9.073261555,2,2.807350057,0.8511751329,0.002508169564,0.003467033898,0.002508169564,0.7010577396,22.22222222,0.9129948613,,0.0001986228814,0.002508169564,-0.08657400985,78.68700693,0.4983533306,,,0.1460760946,-1.201042076,11.11111111,2.807350057,57.54546257,0.140625,0.05786831014,2.807350057,0.002508169564,0.4983533306,0.4254178953,2.807350057,-0.09773906855,3.535533906,0.03999076895,26075,19237,392.1223687,0.1533733911,0.2947563828,0.3403077218,0.7010577396,0.1604184804,0.1460760946,0.1595328979,77.77777778,1118.282403,1,0.9129948613,0.140625,7047.774288,0.7116925829,0,0.4058073423,0.8038644867,2.807350057,0.7116925829,2,0.7709704927,,-1.318137405,0.2444385593,0.01021303821,2.807350057,12.6181127,0.7305166902,-0.1658145258,0.85330273,,0.7116925829,0.8511751329,42.45453743,7,0,0.3441820376,0.9129948613,158.5274187,,0.238391596,,0.7010577396,0.5,0.8511751329,0.238391596,0.4784351795,0.2230976342,0.5427363473,1029.170541,,0.8038644867,0.7891505748,0,0.002508169564,0.002508169564,0.8038644867,0.1460760946,0.9835093906,0.4983533306,0.140625,,4.5
469,797,5,6,0,0,0.8055207026,,0.7678795483,,5,0.9995900072,0.5175101714,0.01471493964,,0.06165879105,0.04096520975,100,0.5338262069,,0.006273525721,0.06033041016,,,0.0319508402,,,0.8005018821,,20,1.108792762,19.44792974,0.8205771644,,3.0830027,0.004690177223,0.0319508402,,1.992654213,,2.880972058,,155,123,61.62421452,,,,0.04096520975,,0.8005018821,,0,47.1713299,1,0.5338262069,0.8205771644,,0.01337861012,0,0.07759862934,0.5338517215,2.949478875,0.01337861012,2,0.5215002243,,,0.8042659975,,2.016975283,,0.5419986241,,0.993718593,,0.01337861012,0.5175101714,15.43287327,9,0,,0.5338262069,,,0.8055207026,,0.04096520975,,0.5175101714,0.8055207026,0.0402785553,0.8055207026,0.03456825064,,,0.5338517215,0.5624949633,0,0.04187086566,0.05056724719,0.5338517215,0.8005018821,2.580259208,0.0319508402,0.8205771644,,5.4
28,5620,65,10,0,64,0.1158362989,11.98967972,0.09056939502,4.066611974,1,,0.9103348208,,0,,0.8206798584,1.538461538,0.9564254009,,0.0115658363,,0.07721647433,52.99527777,0.8712880929,,,0.1613879004,-1.372991377,0,,10.17793594,0.1432384342,0.2610320285,,,0.8712880929,4.565569395,,-0.329927006,0,0.9671170904,572,554,,4.301746898,5.866371529,6.51823849,0.8206798584,3.686292465,0.1613879004,0.5599451157,98.46153846,,0,0.9564254009,0.1432384342,2807.498576,0.8408389054,0,0.899368454,0.943778542,,0.8408389054,10,0.9906156691,,-1.646519853,0.8017793594,0,,5.451185659,0.6854786318,-1.302992452,0.09254315715,,0.8408389054,0.9103348208,9.857651246,10,0,4.911243327,0.9564254009,20.29640512,,0.1158362989,,0.8206798584,9.049154804,0.9103348208,0.1158362989,0.1089552466,0.01690391459,0.9812174551,168.5538693,,0.943778542,0.9840879238,0,,,0.943778542,0.1613879004,3.321832725,0.8712880929,0.1432384342,,10
23,1473,10,3,0,2,0.4894772573,32.53835709,0.5064494229,1.099013946,8,0.380671663,0.6012886777,0.009820501434,3.261371351,0.07090633895,0.1934235438,80,0.6719876165,,0.006788866259,0.04013859923,0.2928560302,1.099013946,0.230275889,,,0.5207060421,-0.9438944909,30,0.6082239803,42.70196877,0.488119484,3.261371351,1.866755069,0.00258233238,0.230275889,17.89986422,1.447988511,0.2564492055,0.991031209,2.358548863,629,333,53.27488524,5.292896809,8.227244755,8.227244755,0.1934235438,5.292896809,0.5207060421,0.6777315758,20,41.25937203,3,0.6719876165,0.488119484,1.529606551,0.2450074067,0,0.2336054769,0.659998601,1.757839344,0.2450074067,2,0.5810647504,,-0.9438944909,0.5729803123,2.358548863,1.220812297,0.6777315758,0.5552950488,0.2564492055,0.9966032609,,0.2450074067,0.6012886777,22.60692464,4,0,17.89986422,0.6719876165,1.529606551,,0.4894772573,,0.1934235438,32.53835709,0.6012886777,0.4894772573,0,0.5512559403,0.1489087369,0.2928560302,,0.659998601,0.679800652,0,0.02888855746,0.03047421456,0.659998601,0.5207060421,1.539034583,0.230275889,0.488119484,,3.125
22,2000,48,10,0,47,0.314,508.9025716,0.2705,1.254833473,1,,0.7797222222,,0.07855426092,,0.5594444444,2.083333333,0.8958765278,,0.024,,0.4440463981,1.794599515,0.6511111111,,,0.3965,-0.4612428053,0,,10,0.3295,7.537383493,,,0.6511111111,69.88189674,,0.3790488784,0,3.757990088,200,200,,37.87837791,65.21134487,124.1924936,0.5594444444,40.12545292,0.3965,0.7415928909,97.91666667,,0,0.8958765278,0.3295,4.370101299,0.6338888889,0,0.6994444444,0.8614040278,,0.6338888889,10,0.8854525,,-0.9914117205,0.806,0.06655200271,,0.7908300765,0.6806197222,0.005491522369,0.9954977489,,0.6338888889,0.7797222222,10,10,0,88.63642941,0.8958765278,1.869983584,,0.314,,0.5594444444,126.8326567,0.7797222222,0.314,0.1044444444,0.2065,0.7705555556,0.7353956813,,0.8614040278,0.9590269444,0,,,0.8614040278,0.3965,3.321928095,0.6511111111,0.3295,,10
29,690,16,2,67,6,0.1434782609,1017.385507,0.215942029,7.149553647,10,0.5010395545,0.7672209007,0.00537883721,2.223405797,0.4257094267,0.491050063,62.5,0.8857766136,,0.0231884058,0.1327228657,15.34878088,13.14065501,0.7101750575,,,0.2492753623,1.985325448,31.25,0.8162006158,55.50724638,0.1449275362,2.355851449,3.496440212,0.0006029571694,0.7101750575,18.16344786,0.9847953335,1.403082732,4.049691346,4.483833365,383,307,10.98775497,8.468012873,1432.880726,5210.102598,0.491050063,901.5091409,0.2492753623,2.807661655,37.5,12.89792295,5,0.8857766136,0.1449275362,214.6699724,0.7105146127,37,0.5492647768,0.8776120292,1.393880431,0.7105146127,2,0.8184187922,,1.119236129,0.1449275362,3.346513359,1.253763912,4.423867144,0.8590375996,1.145891556,0.9782293179,,0.7105146127,0.7672209007,44.49275362,14,5.362318841,207.05843,0.8857766136,91.78956656,,0.1434782609,,0.491050063,392.3574551,0.7672209007,0.1434782609,0.7116180318,0.1782608696,0.6382815497,49.93170391,,0.8776120292,0.8940115781,0.606884058,0.0902123229,0.02960326183,0.8776120292,0.2492753623,0.9912308989,0.7101750575,0.1449275362,,4.2
38,3772,30,2,6064,7,0.02518557794,110.4696487,0.07423117709,4.937524039,23,0,0.7852611665,0.0005017739084,0.9949997046,0.06006915972,0.6522624425,76.66666667,0.9591373044,,0.007953340403,0.003349175241,8.871303807,13.88265276,0.7759719718,,,0.03658536585,5.982197043,70,0.09874017197,93.87592789,0.01405090138,1.758874801,1.520689913,0,0.7759719718,28.41132258,0.2593748523,1.258946593,0.6683115413,0.6694399621,3541,231,64.92919423,22.30321439,33.71833516,35.60424761,0.6522624425,19.05387759,0.03658536585,1.538152895,23.33333333,64.94601267,21,0.9591373044,0.01405090138,238.1814624,0.8712870012,3772,0.5196307539,0.928863615,0.4759318019,0.8712870012,1,0.789558554,,4.073471499,0.03446447508,0.1954572751,0.3375553047,3.569191882,0.9322127557,1.232674239,0.886502254,,0.8712870012,0.7852611665,6.12407211,5,100,46.4366897,0.9591373044,90.9424881,,0.02518557794,,0.6522624425,108.8569208,0.7852611665,0.02518557794,0.7420165388,0.04109225875,0.6153785429,51.41313507,,0.928863615,0.9218669472,5.358784023,0.005118661327,0.001290441827,0.928863615,0.03658536585,0.3323505555,0.7759719718,0.01405090138,,2.086956522
32,10992,17,10,0,16,0.05058224163,85.12026929,0.1425582242,0.4473572948,1,,0.9698982195,,28.84534207,,0.9398412674,5.882352941,0.9863827945,,0.00154657933,,-0.7839021551,0.9482646831,0.9437860839,,,0.05413027656,-1.197260085,0,,10.40756914,0.06777656477,35.90636372,,,0.9437860839,48.52893013,,-0.4250896849,0,26.50641002,1144,1055,,30.24149239,34.22721937,41.76039983,0.9398412674,29.77423824,0.05413027656,0.08645947163,94.11764706,,0,0.9863827945,0.06777656477,3.050747285,0.9246771389,0,0.8415734431,0.9782711762,,0.9246771389,10,0.9956000692,,-1.685793174,0.7958515284,16.21857068,,-0.03919608212,0.7173373091,-1.491182875,0.1029023747,,0.9246771389,0.9698982195,9.597889374,10,0,50.71104553,0.9863827945,-0.2606171287,,0.05058224163,,0.9398412674,59.60441685,0.9698982195,0.05058224163,0.1117616782,0.007914847162,0.9912040942,-0.5010429355,,0.9782711762,0.979688395,0,,,0.9782711762,0.05413027656,3.320771739,0.9437860839,0.06777656477,,10
554,70000,785,10,0,784,0.1324571429,140.0150571,0.3000142857,23.93958311,1,,0.88068132,,0,,0.7610073554,0.127388535,0.9597205371,,0.01121428571,,16.22683706,264.5751311,0.8527729816,,,0.2150142857,-1.029732002,0,,11.25285714,0.1416857143,0.1205821429,,,0.8527729816,7.19605,,0.8744121904,0,4.670545729,7877,6313,,36.76581916,100.848508,113.8862968,0.7610073554,49.25570413,0.2150142857,4.134907397,99.87261146,,0,0.9597205371,0.1416857143,70000,0.8425153285,0,0.6663891987,0.9299296961,,0.8425153285,10,0.9816188218,,-1.825429279,0.7950428571,0,,31.07943559,0.6596630958,-0.2354966023,0.09564422349,,0.8425153285,0.88068132,9.018571429,10,0,33.38596474,0.9597205371,623.0827644,,0.1324571429,,0.7610073554,69.33461786,0.88068132,0.1324571429,0.1105291465,0.03307142857,0.9632397139,4894.714443,,0.9299296961,0.93730632,0,,,0.9299296961,0.2150142857,3.319837025,0.8527729816,0.1416857143,,10
54,846,19,4,0,18,0.3191489362,439.9113475,0.5449172577,0.7893031363,1,,0.7905275082,,6.377068558,,0.5820719122,5.263157895,0.8786505597,,0.02245862884,,-0.4416545158,6.778393619,0.5743705559,,,0.3132387707,-0.7809324383,0,,25.76832151,0.31678487,35.84604019,,,0.5743705559,87.88356974,,0.254404572,0,6.168386544,218,199,,8.061362713,31.68274987,176.6926136,0.5820719122,22.77083917,0.3132387707,0.4982427339,94.73684211,,0,0.8786505597,0.31678487,58.37545547,0.5772957353,0,0.2786963469,0.8287300415,,0.5772957353,4,0.7865899875,,-0.9784712963,0.5957446809,2.592138328,,1.041577728,0.649286471,-0.2263412803,0.2579881657,,0.5772957353,0.7905275082,23.52245863,4,0,117.6349488,0.8786505597,0.1641613631,,0.3191489362,,0.5820719122,178.1838061,0.7905275082,0.3191489362,0.2121027335,0.3191489362,0.5741729817,5.153140517,,0.8287300415,0.7665561842,0,,,0.8287300415,0.3132387707,1.999066766,0.5743705559,0.31678487,,4
458,841,71,4,0,70,0.08323424495,77.36028537,0.01426872771,1.33973458,1,,0.8864451921,,0.4447086801,,0.7726098138,1.408450704,0.9458456025,,0.08442330559,,1.41412298,4.087186737,0.8785920222,,,0.1557669441,0.3616781435,0,,37.69322235,0.1058263971,3.127229489,,,0.8785920222,5.030915577,,0.7038172484,0,2.520372968,317,55,,3.902639767,6.207934169,31.07172642,0.7726098138,5.356526084,0.1557669441,1.032253904,98.5915493,,0,0.9458456025,0.1058263971,21.23171723,0.8456546619,0,0.9792228968,0.9388364704,,0.8456546619,4,0.9935472479,,-0.7902615863,0.4411414982,0.8045103166,,1.114702112,0.7487063032,-0.04070892061,0.9964285714,,0.8456546619,0.8864451921,6.539833532,4,0,10.12524206,0.9458456025,2.44238365,,0.08323424495,,0.7726098138,11.93638526,0.8864451921,0.08323424495,0.3392677142,0.01189060642,0.9826989975,2.35912946,,0.9388364704,0.9956073167,0,,,0.9388364704,0.1557669441,1.787416049,0.8785920222,0.1058263971,,4
182,6430,37,6,0,36,0.1483670295,-0.0001263297045,0.2032659409,0.6744458273,1,,0.8991170555,,-0.0008629685848,,0.7945482123,2.702702703,0.962333455,,0.005754276827,,-0.4798469406,0.919495499,0.8167814524,,,0.166251944,-0.8393811657,0,,23.81026439,0.1534992224,-0.0007437709953,,,0.8167814524,-0.0005980934681,,-0.5170961259,0,0.9999476047,1531,625,,1.000005292,1.000194969,1.000288282,0.7945482123,1.000021995,0.166251944,-0.0399749828,97.2972973,,0,0.962333455,0.1534992224,1.277985362,0.8100028845,0,0.7513714567,0.9273091446,,0.8100028845,6,0.9355091276,,-0.9198282388,0.5634525661,0.9996387438,,0.04046023385,0.7109369213,-0.6740118723,0.187431949,,0.8100028845,0.8991170555,9.720062208,6,0,-0.000556088526,0.962333455,0.8509747335,,0.1483670295,,0.7945482123,-0.0003569454121,0.8991170555,0.1483670295,0.268286447,0.1076205288,0.8673837949,-0.1541168805,,0.9273091446,0.960599216,0,,,0.9273091446,0.166251944,2.483361876,0.8167814524,0.1534992224,,6
46,3190,61,3,0,0,0.06363636364,,0.04702194357,,61,1.667986902,0.7723490182,0.008114095339,,0.3896406381,0.5030951954,100,0.9624981084,,0.01912225705,0.06388006173,,,0.8978122508,,,0.3119122257,,0,1.986921112,51.88087774,0.09435736677,,2.00856328,0.002391740716,0.8978122508,,1.995814966,,0.5371448503,,1655,767,26.31321144,,,,0.5030951954,,0.3119122257,,0,34.16346774,0,0.9624981084,0.09435736677,,0.8488820745,0,0.9235168869,0.9645392223,1.998574768,0.8488820745,3,0.861725794,,,0.3761755486,,1.978014452,,0.7717484306,,0.9993728442,,0.8488820745,0.7723490182,24.04388715,6,0,,0.9624981084,,,0.06363636364,,0.5030951954,,0.7723490182,0.06363636364,0.4122311203,0.2689655172,0.5976262918,,,0.9645392223,0.992861998,0,0.05625197339,0.0124455574,0.9645392223,0.3119122257,1.48017007,0.8978122508,0.09435736677,,4.754098361
44,4601,58,2,0,57,0.08563355792,283.2892849,0.2023473158,13.64618809,1,,0.8911774993,,0.005444468594,,0.7819736092,1.724137931,0.9386679853,,0.01260595523,,127.3765293,31.06206428,0.8208876446,,,0.1041078027,50.65593106,1.724137931,,60.59552271,0.1034557705,0.06479352315,,,0.8208876446,0.102851554,,5.850723015,0,0.3169582219,2788,1813,,0.444055329,0.8437450862,606.3478507,0.7819736092,15.19399769,0.1041078027,9.72484753,98.27586207,,1,0.9386679853,0.1034557705,1480.64205,0.7807805902,0,0.6053213919,0.9397314628,,0.7807805902,2,0.8937334657,,5.257394368,0.2093023256,0.07627427064,,11.1866391,0.7941574125,1.591674269,0.9997826087,,0.7807805902,0.8911774993,39.40447729,2,0,6.150770191,0.9386679853,299.0723734,,0.08563355792,,0.7819736092,0.2441306238,0.8911774993,0.08563355792,0.5497724202,0.1073679635,0.7751677467,241.1700187,,0.9397314628,0.935231265,0,,,0.9397314628,0.1041078027,0.9673602372,0.8208876446,0.1034557705,,2
50,958,10,2,0,0,0.239039666,,0.2870563674,,10,1.470628455,0.7703626006,0.007005142666,,0.08718670223,0.4979274858,100,0.8254263059,,0.01043841336,0.01355667251,,,0.4192217886,,,0.2296450939,,10,1.528145595,65.34446764,0.2035490605,,1.564779509,0.007005142666,0.4192217886,,1.528145595,,0.316227766,,626,332,49.45045097,,,,0.4979274858,,0.2296450939,,0,80.69748634,1,0.8254263059,0.2035490605,,0.5296140927,0,0.3143001411,0.7435139921,1.564779509,0.5296140927,2,0.9962734324,,,0.3006263048,,1.538036541,,0.6678422957,,0.9989550679,,0.5296140927,0.7703626006,34.65553236,3,0,,0.8254263059,,,0.239039666,,0.4979274858,,0.7703626006,0.239039666,0.3399678481,0.02818371608,0.9367427892,,,0.7435139921,0.7461459256,0,0.01882599588,0.01355667251,0.7435139921,0.2296450939,0.9309539863,0.4192217886,0.2035490605,,2.9
1487,2534,73,2,0,72,0.2490134175,10164.19844,0.3038674033,0.5116487297,1,,0.7445108467,,-10.51140969,,0.009143221272,1.369863014,0.5,,0.02880820837,,0.2058839276,7.376460912,0,,,0.06314127861,-0.2601684313,1.369863014,,93.68587214,0.06314127861,1.83744758,,,0.2064815302,4.815862994,,-0.65360463,0,1.166093621,2374,160,,6.228337109,7.043592908,77.41011009,0,7.570160866,0.06393054459,0.04714941193,98.63013699,,1,0.5,0.06314127861,77.6589871,0,0,0.1647517517,0.8579034669,,0,2,0.6566870261,,-0.9765331961,0.06314127861,0.242857894,,0.08595601481,0.732766428,-1.308358975,0.9155151994,,0,0.7811354781,6.314127861,2,0,296.4946065,0.5,1.059331708,,0.06314127861,,0,20.78420039,0.6752435236,0.08405682715,0,0.07971586425,0.3142139025,1.493054752,,0.6374526116,0.8217510278,0,,,0.732766428,0.06314127861,0.3397904253,0.2747177438,0.06314127861,,2
37,768,9,2,0,8,0.26953125,120.8945313,0.2408854167,1.722332475,1,,0.6644477612,,0.4718763021,,0.3271960563,11.11111111,0.7629141791,,0.01171875,,1.966800895,2.272250858,0.3816473224,,,0.3072916667,0.2796097883,11.11111111,,65.10416667,0.2825520833,8.017903646,,,0.3816473224,32.61673177,,-0.2943930672,0,4.498223627,500,268,,13.85622455,28.81841544,115.2440024,0.3271960563,25.73374298,0.3072916667,0.5377137405,88.88888889,,1,0.7629141791,0.2825520833,7.214259554,0.3517752124,0,0.4581235698,0.7186641791,,0.3517752124,2,0.6434029851,,-0.5200718662,0.2721354167,0.331328595,,0.5292461289,0.711119403,-1.843607983,0.5501955671,,0.3517752124,0.6644477612,34.89583333,2,0,44.98579118,0.7629141791,5.491254286,,0.26953125,,0.3271960563,77.12597656,0.6644477612,0.26953125,0.3910589092,0.3098958333,0.2960315504,2.775362395,,0.7186641791,0.8082686567,0,,,0.7186641791,0.3072916667,0.9331343166,0.3816473224,0.2825520833,,2
1464,748,5,2,0,4,0.2419786096,1378.676471,0.2446524064,3.211265474,1,,0.5678050463,,5.514705882,,0.1356737467,20,0.7011186675,,0.006684491979,,12.6337501,3.211265474,0.02063078704,,,0.2874331551,2.163613671,20,,76.20320856,0.2379679144,6.512700535,,,0.02063078704,21.89438503,,1.032203601,0,6.403329251,570,178,,16.236055,1100.964264,1459.826781,0.1356737467,374.5345495,0.2874331551,2.545864503,80,,1,0.7011186675,0.2379679144,15.87615198,0.174904566,0,0.1496620614,0.6350532229,,0.174904566,2,0.6044253893,,-0.2456311794,0.2379679144,5.839307123,,2.263111193,0.6777646363,0.7494502906,0.7309236948,,0.174904566,0.5678050463,23.79679144,2,0,356.9949866,0.7011186675,15.87615198,,0.2419786096,,0.1356737467,1042.577874,0.5678050463,0.2419786096,0,0.2860962567,0.148661873,10.22450525,,0.6350532229,0.6667800118,0,,,0.6350532229,0.2874331551,0.7916446298,0.02063078704,0.2379679144,,2
1053,10885,22,2,25,21,0.1946715664,36836.36534,0.1966008268,16.64745097,1,,0.5908402045,,0.1353348645,,0.1998661314,4.545454545,0.6992650434,,0.002021129995,,392.2049278,46.21215121,0.1183056026,,,0.2502526412,187.288046,4.545454545,,80.65227377,0.1901699587,3.701322921,,,0.1183056026,14.17723748,,9.996525984,0,9.062748418,8779,2106,,22.59761735,125.9328405,434367.8013,0.1998661314,21963.75301,0.2502526412,13.64807278,95.45454545,,1,0.6992650434,0.1901699587,2765.987968,0.1673666267,5,0.1973967344,0.6587376073,,0.1673666267,2,0.6196530632,,3.36005231,0.1934772623,0.1605384477,,15.83647075,0.6620835928,1.920658729,0.999816244,,0.1673666267,0.5908402045,19.34772623,2,0.04593477262,1902.782369,0.6992650434,557.8218633,,0.1946715664,,0.1998661314,57.2497886,0.5908402045,0.1946715664,0,0.2447404685,0.2002077202,586.6194695,,0.6587376073,0.654347532,0.01043972105,,,0.6587376073,0.2502526412,0.7086892115,0.1183056026,0.1901699587,,2
1050,1563,38,2,0,37,0.1023672425,34072.82269,0.4824056302,16.29972381,1,,0.590119387,,0.1245553423,,0.1686135664,2.631578947,0.7485165716,,0.02431222009,,144.2731946,30.48899352,0,,,0.163787588,9.984214976,2.631578947,,89.76327575,0.1100447857,1.441858605,,,0,7.63787588,,2.632420217,0,2.058382603,1403,160,,15.92828053,43.85840095,358165.9357,0.1686135664,10334.50312,0.163787588,9.777471539,97.36842105,,1,0.7485165716,0.1100447857,1039.338007,0.1106567952,0,0.06791219012,0.4998218104,,0.1106567952,2,0.6411105666,,-1.482237026,0.1023672425,0.1294382771,,10.3243256,0.7060294904,-0.5895053004,0.814340589,,0.1106567952,0.590119387,10.23672425,2,0,1008.145867,0.7485165716,407.2738208,,0.1023672425,,0.1686135664,22.67658349,0.590119387,0.1023672425,0,0.122840691,0.2575777067,238.9540459,,0.4998218104,0.6612727006,0,,,0.4998218104,0.163787588,0.4764549714,0,0.1100447857,,2
1049,1458,38,2,0,37,0.1083676269,19505.51954,0.1687242798,9.488261932,1,,0.6578322507,,0.07064471879,,0.3259036394,2.631578947,0.8679402212,,0.02606310014,,48.0499421,25.48385198,0.3020372547,,,0.1378600823,9.736066581,2.631578947,,87.7914952,0.1111111111,1.468106996,,,0.3020372547,6.997256516,,2.816131807,0,2.021356637,1280,178,,9.487405907,26.37377504,62600.25506,0.3259036394,1837.829067,0.1378600823,5.710990952,97.36842105,,1,0.8679402212,0.1111111111,771.6332888,0.3495230122,0,0.3008202985,0.8296260534,,0.3495230122,2,0.6835147472,,-1.51095303,0.122085048,0.1198623703,,6.450282233,0.8338066187,-0.4639306888,0.7803706246,,0.3495230122,0.6578322507,12.2085048,2,0,583.4640335,0.8679402212,173.880634,,0.1083676269,,0.3259036394,19.70884774,0.6578322507,0.1083676269,0,0.1495198903,0.3189543604,105.087148,,0.8296260534,0.81918643,0,,,0.8296260534,0.1378600823,0.5353247216,0.3020372547,0.1111111111,,2
1068,1109,22,2,0,21,0.06762849414,28822.88238,0.1100090171,8.416651208,1,,0.6027572234,,0.1294138864,,0.2135157439,4.545454545,0.694534632,,0.01983769161,,90.71651181,18.55022107,0.1059624004,,,0.09918845807,56.2884542,4.545454545,,93.05680794,0.07484220018,4.008746619,,,0.1059624004,15.39626691,,5.650796485,0,7.292111259,1032,77,,16.540676,99.00596251,170643.6033,0.2135157439,8678.609589,0.09918845807,7.428331461,95.45454545,,1,0.694534632,0.07484220018,410.4883867,0.03050251203,0,0.2147442222,0.7522337159,,0.03050251203,2,0.7022299406,,13.73010714,0.06943192065,0.1469519403,,8.008505555,0.7274111547,2.172210813,0.9981949458,,0.03050251203,0.6027572234,6.943192065,2,0,1500.994968,0.694534632,113.1568794,,0.06762849414,,0.2135157439,58.69765555,0.6027572234,0.06762849414,0,0.07303877367,0.4099630196,116.0452806,,0.7522337159,0.6869372008,0,,,0.7522337159,0.09918845807,0.3638001053,0.1059624004,0.07484220018,,2
1067,2109,22,2,0,21,0.1564722617,5242.38624,0.1744902798,4.706421341,1,,0.6404083901,,0.08673779042,,0.3113191316,4.545454545,0.7649357084,,0.01043148412,,22.42277671,8.78903415,0.2604340674,,,0.1763869132,12.28490564,4.545454545,,84.54243717,0.1441441441,1.717022285,,,0.2604340674,7.631673779,,2.869811696,0,3.230565232,1783,326,,7.863645549,41.92522717,17444.98121,0.3113191316,915.4550144,0.1763869132,3.737101379,95.45454545,,1,0.7649357084,0.1441441441,103.0790452,0.1849378981,0,0.3008403119,0.7072599431,,0.1849378981,2,0.7470447488,,1.241395021,0.1545756283,0.1755065264,,4.203178137,0.7123747114,1.14076585,0.9990512334,,0.1849378981,0.6404083901,15.45756283,2,0,285.0969166,0.7649357084,36.53033083,,0.1564722617,,0.3113191316,26.14189426,0.6404083901,0.1564722617,0,0.1512565197,0.3504547881,31.85339193,,0.7072599431,0.7895503284,0,,,0.7072599431,0.1763869132,0.6211733422,0.2604340674,0.1441441441,,2
1063,522,22,2,0,21,0.183908046,18542.99163,0.1704980843,12.27634892,1,,0.6369102579,,0.1889655172,,0.3828053663,4.545454545,0.7777502533,,0.04214559387,,139.5503969,16.78870524,0.3395366002,,,0.19348659,43.98058696,4.545454545,,79.50191571,0.1590038314,3.048659004,,,0.3395366002,9.735287356,,5.476205868,0,6.512591752,415,107,,21.94277873,116.6946806,113271.2165,0.3828053663,5875.729588,0.19348659,10.08329648,95.45454545,,1,0.7777502533,0.1590038314,321.2559116,0.4073212771,0,0.4092770135,0.7286003828,,0.4073212771,2,0.6620200428,,1.991854698,0.1973180077,0.2756089047,,8.953093282,0.7307397816,1.046480142,0.9942418426,,0.4073212771,0.6369102579,20.49808429,2,0,977.8936991,0.7777502533,199.2132002,,0.183908046,,0.3828053663,47.31743295,0.6369102579,0.183908046,0.4008291172,0.1954022989,0.3877325728,130.1084304,,0.7286003828,0.8144119501,0,,,0.7286003828,0.19348659,0.7317786193,0.3395366002,0.1590038314,,2
300,7797,618,26,0,617,0.194562011,0.8118613569,0.1691676286,0.5058540956,1,,0.7985895253,,-0.9855127357,,0.5971784319,0.1618122977,0.9534790861,,0.07926125433,,-0.3301678594,10.7719017,0.7976556067,,,0.3873284597,-0.7373204128,0,,3.847633705,0.2262408619,-0.1437013851,,,0.7976556067,0.2022689496,,-0.5845181836,0,0.3400152293,300,298,,0.4059640539,0.4943557912,0.9401132094,0.5971784319,0.4140807324,0.3873284597,-0.08674343383,99.8381877,,0,0.9534790861,0.2262408619,136.5355821,0.7647093964,0,0.8240653724,0.9139778849,,0.7647093964,26,0.9241334171,,-1.473749889,0.9239451071,0.0549258527,,0.4420674526,0.7284550799,-2.367036229,0.3000256542,,0.7647093964,0.7985895253,3.821982814,26,0,0.06479603696,0.9534790861,0.3687956929,,0.194562011,,0.5971784319,0.4174467616,0.7985895253,0.194562011,0.03908229959,0.1442862639,0.8499423377,3.605662565,,0.9139778849,0.9808943771,0,,,0.9139778849,0.3873284597,4.70043828,0.7976556067,0.2262408619,,26
307,990,13,11,0,10,0.3050505051,1.881763636,0.4161616162,0.2506229078,3,0.996791632,0.8475173962,0,-3.203740404,0,0.68,23.07692308,0.8406290685,,0.01313131313,0,-0.4260993975,0.3570604221,0.6644444444,,,0.2909090909,-0.5598569199,7.692307692,0.996791632,9.090909091,0.6393939394,-0.3561856061,3.906890596,0,0.6644444444,-0.0378520202,2.451841114,-0.006222604958,6.658328118,0.5725169123,90,90,,0.6342938791,0.7866928082,1.175272004,0.68,0.6993318109,0.2909090909,0.06013385314,76.92307692,,1,0.8406290685,0.6393939394,0.1524368802,0.2966666667,0,0.5422222222,0.8608742985,3.906890596,0.2966666667,2,0.9572222222,,-0.7621395185,0.8242424242,0.4619268382,2.451841114,0.09111527285,0.6774680135,-0.2061520456,0,,0.2966666667,0.8475173962,9.090909091,15,0,-0.103180404,0.8406290685,-0.2425576154,,0.3050505051,,0.68,0.5441732323,0.8475173962,0.3050505051,0.09333333333,0.07777777778,0.9144444444,-0.391427215,,0.8608742985,0.9447710438,0,0,0,0.8608742985,0.2909090909,3.459431619,0.6644444444,0.6393939394,,9.333333333
188,736,20,5,448,14,0.4184782609,2054.739369,0.4510869565,0.9548948009,6,2.581064174,0.7219508813,0.3233123625,-2.58423913,0.4275327643,0.391513467,30,0.7171370641,,0.02717391304,0.4259649838,0.4289115083,27.10927085,0.4637307109,,,0.4769021739,-0.4961422377,0,2.908861462,29.07608696,0.5557065217,2.882908546,4.237363756,0.2465031393,0.4637307109,6.249602617,3.475982114,-0.3960800165,7.659416862,0.7785027892,214,105,5.93346844,1.346599657,80.61760056,1551.779819,0.391513467,172.6108156,0.4769021739,0.1111947892,70,8.082530396,0,0.7171370641,0.5557065217,734.9416212,0.2672017372,95,0.4274118336,0.8239493967,4.009738246,0.2672017372,5,0.7018152603,,-1.887802597,0.5054347826,0.4931878448,3.462636306,2.551453016,0.7519401667,-0.6970908724,0.3931972789,,0.2672017372,0.7219508813,14.26630435,27,12.9076087,390.0868288,0.7171370641,1.364123969,,0.4184782609,,0.391513467,403.0027174,0.7219508813,0.4184782609,0.302479861,0.4660326087,0.402286223,62.86596626,,0.8239493967,0.8520788174,3.043478261,0.3812413672,0.4076521435,0.8239493967,0.4769021739,2.26208362,0.4637307109,0.5557065217,,13.66666667
31,1000,21,2,0,7,0.273,3271.258,0.248,1.909444721,14,0.2283640258,0.6580238095,0.005310005974,1.155,0.09473884155,0.2781007752,66.66666667,0.7002928571,,0.021,0.02650410754,0.9197813601,1.94962768,0.3056968464,,,0.298,-1.210473118,14.28571429,0.9089779149,70,0.269,1.407,2.66667776,0.0009636600149,0.3056968464,2.973,1.532103628,-0.272569814,2.038098661,0.5776544682,700,300,43.59303602,1.118714674,12.05881445,2822.736876,0.2781007752,407.0476188,0.298,1.094184172,33.33333333,69.9274986,3,0.7002928571,0.269,4.292590308,0.2225433526,0,0.3724696356,0.7208285714,1.87491203,0.2225433526,2,0.649047619,,-1.381448503,0.3,0.3620857718,1.433893226,0.9203791257,0.6647619048,-0.5313481143,0.5695695696,,0.2225433526,0.6580238095,30,10,0,476.5838571,0.7002928571,1.649273694,,0.273,,0.2781007752,35.546,0.6580238095,0.273,0,0.286,0.3044747082,0.9242775258,,0.7208285714,0.786047619,0,0.02021632306,0.01275318648,0.7208285714,0.298,0.8812908992,0.3056968464,0.269,,4
1590,48842,15,2,6465,6,0.1437082839,189664.1346,0.1671307481,6.401021392,9,0.7952150317,0.7538927205,0.01068033824,10.07808853,0.165423181,0.4732340127,60,0.8784273311,,0.0003071127308,0.1407696499,4.504453651,11.894659,0.5636251551,,,0.1894476066,0.4232417694,13.33333333,0.8343198264,76.07182343,0.1534744687,31.50221121,3.441922669,0.008187042285,0.5636251551,63.96234798,1.600810287,0.09993102874,12.15296032,9.936326207,37155,11687,11.06850752,208.357531,31990.02065,105604.0254,0.4732340127,18914.62033,0.1894476066,0.9982360976,40,23.83220312,2,0.8784273311,0.1534744687,152.6930963,0.5465099669,3620,0.4929623257,0.8818783209,2.736773253,0.5465099669,2,0.7147496646,,-0.1842687406,0.2392817657,2.570972756,1.78098912,3.063860808,0.7595182625,-0.3165248567,0.6344259946,,0.5465099669,0.7538927205,23.92817657,41,7.411653904,31819.97477,0.8784273311,53.18403354,,0.1437082839,,0.4732340127,48225.33437,0.7538927205,0.1437082839,0,0.2063797551,0.4309676914,30.35963768,,0.8818783209,0.8913978618,0.8824372466,0.07172094685,0.06237343409,0.8818783209,0.1894476066,0.7938438394,0.5636251551,0.1534744687,,11.22222222
1494,1055,42,2,0,41,0.1848341232,37.05563981,0.2426540284,5.713013961,1,,0.7736352896,,-0.19712891,,0.5365469284,2.380952381,0.8412017167,,0.03981042654,,11.77416802,26.84598324,0.5752212938,,,0.2113744076,3.38271251,2.380952381,,66.25592417,0.1867298578,0.1018957346,,,0.5752212938,1.131106161,,1.411781003,0,0.241070826,699,356,,0.8313081691,2.030064188,11.8958892,0.5365469284,1.594396016,0.2113744076,2.61541822,97.61904762,,1,0.8412017167,0.1867298578,812.7240264,0.5583532197,0,0.5172211616,0.8231763675,,0.5583532197,2,0.8175342785,,-0.2218803904,0.2909952607,0.03014295651,,3.79863922,0.757996978,-1.762197661,0.9971537002,,0.5583532197,0.7736352896,33.74407583,2,0,2.683521574,0.8412017167,46.88794675,,0.1848341232,,0.5365469284,2.613380569,0.7736352896,0.1848341232,0.4228120105,0.1772511848,0.6087206593,44.71323749,,0.8231763675,0.8904384452,0,,,0.8231763675,0.2113744076,0.9223486063,0.5752212938,0.1867298578,,2