0,1,2,3,4,5,6,7,8,9,10,11,12,13,14,15
0.0,30.829999923706055,0.0,0.0,0.0,9.0,0.0,1.25,0.0,0.0,1.0,1.0,0.0,202.0,0.0,0.0
1.0,58.66999816894531,4.460000038146973,0.0,0.0,8.0,1.0,3.0399999618530273,0.0,0.0,6.0,1.0,0.0,43.0,560.0,0.0
1.0,24.5,0.5,0.0,0.0,8.0,1.0,1.5,0.0,1.0,0.0,1.0,0.0,280.0,824.0,0.0
0.0,27.829999923706055,1.5399999618530273,0.0,0.0,9.0,0.0,3.75,0.0,0.0,5.0,0.0,0.0,100.0,3.0,0.0
0.0,20.170000076293945,5.625,0.0,0.0,9.0,0.0,1.7100000381469727,0.0,1.0,0.0,1.0,2.0,120.0,0.0,0.0
0.0,32.08000183105469,4.0,0.0,0.0,6.0,0.0,2.5,0.0,1.0,0.0,0.0,0.0,360.0,0.0,0.0
0.0,33.16999816894531,1.0399999618530273,0.0,0.0,7.0,1.0,6.5,0.0,1.0,0.0,0.0,0.0,164.0,31285.0,0.0
1.0,22.920000076293945,11.585000038146973,0.0,0.0,2.0,0.0,0.03999999910593033,0.0,1.0,0.0,1.0,0.0,80.0,1349.0,0.0
0.0,54.41999816894531,0.5,1.0,1.0,5.0,1.0,3.9600000381469727,0.0,1.0,0.0,1.0,0.0,180.0,314.0,0.0
0.0,42.5,4.914999961853027,1.0,1.0,9.0,0.0,3.1649999618530273,0.0,1.0,0.0,0.0,0.0,52.0,1442.0,0.0
0.0,22.079999923706055,0.8299999833106995,0.0,0.0,0.0,1.0,2.1649999618530273,1.0,1.0,0.0,0.0,0.0,128.0,0.0,0.0
0.0,29.920000076293945,1.8350000381469727,0.0,0.0,0.0,1.0,4.335000038146973,0.0,1.0,0.0,1.0,0.0,260.0,200.0,0.0
1.0,38.25,6.0,0.0,0.0,5.0,0.0,1.0,0.0,1.0,0.0,0.0,0.0,0.0,0.0,0.0
0.0,48.08000183105469,6.039999961853027,0.0,0.0,5.0,0.0,0.03999999910593033,1.0,1.0,0.0,1.0,0.0,0.0,2690.0,0.0
1.0,45.83000183105469,10.5,0.0,0.0,8.0,0.0,5.0,0.0,0.0,7.0,0.0,0.0,0.0,0.0,0.0
0.0,36.66999816894531,4.414999961853027,1.0,1.0,5.0,0.0,0.25,0.0,0.0,10.0,0.0,0.0,320.0,0.0,0.0
0.0,28.25,0.875,0.0,0.0,6.0,0.0,0.9599999785423279,0.0,0.0,3.0,0.0,0.0,396.0,0.0,0.0
1.0,23.25,5.875,0.0,0.0,8.0,0.0,3.1700000762939453,0.0,0.0,10.0,1.0,0.0,120.0,245.0,0.0
0.0,21.829999923706055,0.25,0.0,0.0,1.0,1.0,0.6650000214576721,0.0,1.0,0.0,0.0,0.0,0.0,0.0,0.0
1.0,19.170000076293945,8.585000038146973,0.0,0.0,2.0,1.0,0.75,0.0,0.0,7.0,1.0,0.0,96.0,0.0,0.0
0.0,25.0,11.25,0.0,0.0,0.0,0.0,2.5,0.0,0.0,17.0,1.0,0.0,200.0,1208.0,0.0
0.0,23.25,1.0,0.0,0.0,0.0,0.0,0.8349999785423279,0.0,1.0,0.0,1.0,2.0,300.0,0.0,0.0
1.0,47.75,8.0,0.0,0.0,0.0,0.0,7.875,0.0,0.0,6.0,0.0,0.0,0.0,1260.0,0.0
1.0,27.420000076293945,14.5,0.0,0.0,10.0,1.0,3.0850000381469727,0.0,0.0,1.0,1.0,0.0,120.0,11.0,0.0
1.0,41.16999816894531,6.5,0.0,0.0,8.0,0.0,0.5,0.0,0.0,3.0,0.0,0.0,145.0,0.0,0.0
1.0,15.829999923706055,0.5849999785423279,0.0,0.0,0.0,1.0,1.5,0.0,0.0,2.0,1.0,0.0,100.0,0.0,0.0
1.0,47.0,13.0,0.0,0.0,3.0,2.0,5.164999961853027,0.0,0.0,9.0,0.0,0.0,0.0,0.0,0.0
0.0,56.58000183105469,18.5,0.0,0.0,1.0,2.0,15.0,0.0,0.0,17.0,0.0,0.0,0.0,0.0,0.0
0.0,57.41999816894531,8.5,0.0,0.0,11.0,1.0,7.0,0.0,0.0,3.0,1.0,0.0,0.0,0.0,0.0
0.0,42.08000183105469,1.0399999618530273,0.0,0.0,9.0,0.0,5.0,0.0,0.0,6.0,0.0,0.0,500.0,10000.0,0.0
0.0,29.25,14.789999961853027,0.0,0.0,12.0,0.0,5.039999961853027,0.0,0.0,5.0,0.0,0.0,168.0,0.0,0.0
0.0,42.0,9.789999961853027,0.0,0.0,10.0,1.0,7.960000038146973,0.0,0.0,8.0,1.0,0.0,0.0,0.0,0.0
0.0,49.5,7.585000038146973,0.0,0.0,3.0,2.0,7.585000038146973,0.0,0.0,15.0,0.0,0.0,0.0,5000.0,0.0
1.0,36.75,5.125,0.0,0.0,11.0,0.0,5.0,0.0,1.0,0.0,0.0,0.0,0.0,4000.0,0.0
1.0,22.579999923706055,10.75,0.0,0.0,8.0,0.0,0.41499999165534973,0.0,0.0,5.0,0.0,0.0,0.0,560.0,0.0
0.0,27.829999923706055,1.5,0.0,0.0,9.0,0.0,2.0,0.0,0.0,11.0,0.0,0.0,434.0,35.0,0.0
0.0,27.25,1.5850000381469727,0.0,0.0,2.0,1.0,1.8350000381469727,0.0,0.0,12.0,0.0,0.0,583.0,713.0,0.0
1.0,23.0,11.75,0.0,0.0,10.0,1.0,0.5,0.0,0.0,2.0,0.0,0.0,300.0,551.0,0.0
0.0,27.75,0.5849999785423279,1.0,1.0,2.0,0.0,0.25,0.0,0.0,2.0,1.0,0.0,260.0,500.0,0.0
0.0,54.58000183105469,9.414999961853027,0.0,0.0,13.0,7.0,14.414999961853027,0.0,0.0,11.0,0.0,0.0,30.0,300.0,0.0
0.0,34.16999816894531,9.170000076293945,0.0,0.0,0.0,0.0,4.5,0.0,0.0,12.0,0.0,0.0,0.0,221.0,0.0
0.0,28.920000076293945,15.0,0.0,0.0,0.0,1.0,5.335000038146973,0.0,0.0,11.0,1.0,0.0,0.0,2283.0,0.0
0.0,29.670000076293945,1.4149999618530273,0.0,0.0,9.0,1.0,0.75,0.0,0.0,1.0,1.0,0.0,240.0,100.0,0.0
0.0,39.58000183105469,13.914999961853027,0.0,0.0,9.0,0.0,8.625,0.0,0.0,6.0,0.0,0.0,70.0,0.0,0.0
0.0,56.41999816894531,28.0,1.0,1.0,0.0,0.0,28.5,0.0,0.0,40.0,1.0,0.0,0.0,15.0,0.0
0.0,54.33000183105469,6.75,0.0,0.0,0.0,1.0,2.625,0.0,0.0,11.0,0.0,0.0,0.0,284.0,0.0
1.0,41.0,2.0399999618530273,1.0,1.0,8.0,1.0,0.125,0.0,0.0,23.0,0.0,0.0,455.0,1236.0,0.0
0.0,31.920000076293945,4.460000038146973,0.0,0.0,2.0,1.0,6.039999961853027,0.0,0.0,3.0,1.0,0.0,311.0,300.0,0.0
0.0,41.5,1.5399999618530273,0.0,0.0,3.0,2.0,3.5,1.0,1.0,0.0,1.0,0.0,216.0,0.0,0.0
0.0,23.920000076293945,0.6650000214576721,0.0,0.0,0.0,0.0,0.16500000655651093,1.0,1.0,0.0,1.0,0.0,100.0,0.0,0.0
1.0,25.75,0.5,0.0,0.0,0.0,1.0,0.875,0.0,1.0,0.0,0.0,0.0,491.0,0.0,0.0
0.0,26.0,1.0,0.0,0.0,8.0,0.0,1.75,0.0,1.0,0.0,0.0,0.0,280.0,0.0,0.0
0.0,37.41999816894531,2.0399999618530273,0.0,0.0,9.0,0.0,0.03999999910593033,0.0,1.0,0.0,0.0,0.0,400.0,5800.0,0.0
0.0,34.91999816894531,2.5,0.0,0.0,9.0,0.0,0.0,0.0,1.0,0.0,0.0,0.0,239.0,200.0,0.0
0.0,34.25,3.0,0.0,0.0,2.0,1.0,7.414999961853027,0.0,1.0,0.0,0.0,0.0,0.0,0.0,0.0
0.0,23.329999923706055,11.625,1.0,1.0,9.0,0.0,0.8349999785423279,0.0,1.0,0.0,0.0,0.0,160.0,300.0,0.0
0.0,23.170000076293945,0.0,0.0,0.0,2.0,0.0,0.08500000089406967,0.0,1.0,0.0,1.0,0.0,0.0,0.0,0.0
0.0,44.33000183105469,0.5,0.0,0.0,3.0,1.0,5.0,0.0,1.0,0.0,0.0,0.0,320.0,0.0,0.0
0.0,35.16999816894531,4.5,0.0,0.0,10.0,1.0,5.75,1.0,1.0,0.0,0.0,2.0,711.0,0.0,0.0
0.0,43.25,3.0,0.0,0.0,8.0,1.0,6.0,0.0,0.0,11.0,1.0,0.0,80.0,0.0,0.0
0.0,56.75,12.25,0.0,0.0,6.0,0.0,1.25,0.0,0.0,4.0,0.0,0.0,200.0,0.0,0.0
0.0,31.670000076293945,16.165000915527344,0.0,0.0,1.0,0.0,3.0,0.0,0.0,9.0,1.0,0.0,250.0,730.0,0.0
1.0,23.420000076293945,0.7900000214576721,1.0,1.0,8.0,0.0,1.5,0.0,0.0,2.0,0.0,0.0,80.0,400.0,0.0
1.0,20.420000076293945,0.8349999785423279,0.0,0.0,8.0,0.0,1.5850000381469727,0.0,0.0,1.0,1.0,0.0,0.0,0.0,0.0
0.0,26.670000076293945,4.25,0.0,0.0,2.0,0.0,4.289999961853027,0.0,0.0,1.0,0.0,0.0,120.0,0.0,0.0
0.0,34.16999816894531,1.5399999618530273,0.0,0.0,2.0,0.0,1.5399999618530273,0.0,0.0,1.0,0.0,0.0,520.0,50000.0,0.0
1.0,36.0,1.0,0.0,0.0,0.0,0.0,2.0,0.0,0.0,11.0,1.0,0.0,0.0,456.0,0.0
0.0,25.5,0.375,0.0,0.0,6.0,0.0,0.25,0.0,0.0,3.0,1.0,0.0,260.0,15108.0,0.0
0.0,19.420000076293945,6.5,0.0,0.0,9.0,1.0,1.4600000381469727,0.0,0.0,7.0,1.0,0.0,80.0,2954.0,0.0
0.0,35.16999816894531,25.125,0.0,0.0,10.0,1.0,1.625,0.0,0.0,1.0,0.0,0.0,515.0,500.0,0.0
0.0,32.33000183105469,7.5,0.0,0.0,11.0,2.0,1.5850000381469727,0.0,1.0,0.0,0.0,2.0,420.0,0.0,1.0
0.0,34.83000183105469,4.0,0.0,0.0,1.0,2.0,12.5,0.0,1.0,0.0,0.0,0.0,,0.0,1.0
1.0,38.58000183105469,5.0,0.0,0.0,2.0,0.0,13.5,0.0,1.0,0.0,0.0,0.0,980.0,0.0,1.0
0.0,44.25,0.5,0.0,0.0,6.0,0.0,10.75,0.0,1.0,0.0,1.0,2.0,400.0,0.0,1.0
0.0,44.83000183105469,7.0,1.0,1.0,0.0,0.0,1.625,1.0,1.0,0.0,1.0,0.0,160.0,2.0,1.0
0.0,20.670000076293945,5.289999961853027,0.0,0.0,8.0,0.0,0.375,0.0,0.0,1.0,1.0,0.0,160.0,0.0,1.0
0.0,34.08000183105469,6.5,0.0,0.0,12.0,0.0,0.125,0.0,1.0,0.0,0.0,0.0,443.0,0.0,1.0
1.0,19.170000076293945,0.5849999785423279,1.0,1.0,12.0,0.0,0.5849999785423279,0.0,1.0,0.0,0.0,0.0,160.0,0.0,1.0
0.0,21.670000076293945,1.1649999618530273,1.0,1.0,5.0,0.0,2.5,0.0,0.0,1.0,1.0,0.0,180.0,20.0,1.0
0.0,21.5,9.75,0.0,0.0,0.0,0.0,0.25,0.0,1.0,0.0,1.0,0.0,140.0,0.0,1.0
0.0,49.58000183105469,19.0,0.0,0.0,13.0,7.0,0.0,0.0,0.0,1.0,1.0,0.0,94.0,0.0,1.0
1.0,27.670000076293945,1.5,0.0,0.0,6.0,0.0,2.0,0.0,1.0,0.0,1.0,2.0,368.0,0.0,1.0
0.0,39.83000183105469,0.5,0.0,0.0,6.0,0.0,0.25,0.0,1.0,0.0,1.0,2.0,288.0,0.0,1.0
1.0,,3.5,0.0,0.0,1.0,0.0,3.0,0.0,1.0,0.0,0.0,0.0,300.0,0.0,1.0
0.0,27.25,0.625,0.0,0.0,12.0,0.0,0.45500001311302185,0.0,1.0,0.0,0.0,0.0,200.0,0.0,1.0
0.0,37.16999816894531,4.0,0.0,0.0,0.0,2.0,5.0,0.0,1.0,0.0,0.0,2.0,280.0,0.0,1.0
0.0,,0.375,0.0,0.0,1.0,0.0,0.875,0.0,1.0,0.0,0.0,2.0,928.0,0.0,1.0
0.0,25.670000076293945,2.2100000381469727,1.0,1.0,12.0,0.0,4.0,0.0,1.0,0.0,1.0,0.0,188.0,0.0,1.0
0.0,34.0,4.5,0.0,0.0,12.0,0.0,1.0,0.0,1.0,0.0,0.0,0.0,240.0,0.0,1.0
1.0,49.0,1.5,0.0,0.0,4.0,3.0,0.0,0.0,1.0,0.0,0.0,0.0,100.0,27.0,1.0
0.0,62.5,12.75,1.0,1.0,0.0,1.0,5.0,0.0,1.0,0.0,1.0,0.0,112.0,0.0,1.0
0.0,31.420000076293945,15.5,0.0,0.0,0.0,0.0,0.5,0.0,1.0,0.0,1.0,0.0,120.0,0.0,1.0
0.0,,5.0,1.0,1.0,12.0,0.0,8.5,0.0,1.0,0.0,1.0,0.0,0.0,0.0,1.0
0.0,52.33000183105469,1.375,1.0,1.0,0.0,1.0,9.460000038146973,0.0,1.0,0.0,0.0,0.0,200.0,100.0,1.0
0.0,28.75,1.5,1.0,1.0,0.0,0.0,1.5,0.0,1.0,0.0,0.0,0.0,0.0,225.0,1.0
1.0,28.579999923706055,3.5399999618530273,0.0,0.0,3.0,2.0,0.5,0.0,1.0,0.0,0.0,0.0,171.0,0.0,1.0
0.0,23.0,0.625,1.0,1.0,12.0,0.0,0.125,0.0,1.0,0.0,1.0,0.0,180.0,1.0,1.0
0.0,,0.5,0.0,0.0,0.0,2.0,0.8349999785423279,0.0,1.0,0.0,0.0,2.0,320.0,0.0,1.0
1.0,22.5,11.0,1.0,1.0,8.0,0.0,3.0,0.0,1.0,0.0,0.0,0.0,268.0,0.0,1.0
1.0,28.5,1.0,0.0,0.0,8.0,0.0,1.0,0.0,0.0,2.0,0.0,0.0,167.0,500.0,1.0
0.0,37.5,1.75,1.0,1.0,0.0,2.0,0.25,0.0,1.0,0.0,0.0,0.0,164.0,400.0,1.0
0.0,35.25,16.5,1.0,1.0,0.0,0.0,4.0,0.0,1.0,0.0,1.0,0.0,80.0,0.0,1.0
0.0,18.670000076293945,5.0,0.0,0.0,8.0,0.0,0.375,0.0,0.0,2.0,1.0,0.0,0.0,38.0,1.0
0.0,25.0,12.0,0.0,0.0,5.0,0.0,2.25,0.0,0.0,2.0,0.0,0.0,120.0,5.0,1.0
0.0,27.829999923706055,4.0,1.0,1.0,3.0,1.0,5.75,0.0,0.0,2.0,0.0,0.0,75.0,0.0,1.0
0.0,54.83000183105469,15.5,0.0,0.0,11.0,5.0,0.0,0.0,0.0,20.0,1.0,0.0,152.0,130.0,1.0
0.0,28.75,1.1649999618530273,0.0,0.0,5.0,0.0,0.5,0.0,1.0,0.0,1.0,2.0,280.0,0.0,1.0
1.0,25.0,11.0,1.0,1.0,12.0,0.0,4.5,0.0,1.0,0.0,1.0,0.0,120.0,0.0,1.0
0.0,40.91999816894531,2.25,1.0,1.0,10.0,1.0,10.0,0.0,1.0,0.0,0.0,0.0,176.0,0.0,1.0
1.0,19.75,0.75,0.0,0.0,0.0,0.0,0.7950000166893005,0.0,0.0,5.0,0.0,0.0,140.0,5.0,1.0
0.0,29.170000076293945,3.5,0.0,0.0,9.0,0.0,3.5,0.0,0.0,3.0,0.0,0.0,329.0,0.0,1.0
1.0,24.5,1.0399999618530273,1.0,1.0,13.0,7.0,0.5,0.0,0.0,3.0,1.0,0.0,180.0,147.0,1.0
0.0,24.579999923706055,12.5,0.0,0.0,9.0,0.0,0.875,0.0,1.0,0.0,0.0,0.0,260.0,0.0,1.0
1.0,33.75,0.75,0.0,0.0,5.0,2.0,1.0,0.0,0.0,3.0,0.0,0.0,212.0,0.0,1.0
0.0,20.670000076293945,1.25,1.0,1.0,0.0,1.0,1.375,0.0,0.0,3.0,0.0,0.0,140.0,210.0,1.0
1.0,25.420000076293945,1.125,0.0,0.0,8.0,0.0,1.2899999618530273,0.0,0.0,2.0,1.0,0.0,200.0,0.0,1.0
0.0,37.75,7.0,0.0,0.0,8.0,1.0,11.5,0.0,0.0,7.0,0.0,0.0,300.0,5.0,1.0
0.0,52.5,6.5,0.0,0.0,5.0,0.0,6.289999961853027,0.0,0.0,15.0,1.0,0.0,0.0,11202.0,0.0
0.0,57.83000183105469,7.039999961853027,0.0,0.0,6.0,0.0,14.0,0.0,0.0,6.0,0.0,0.0,360.0,1332.0,0.0
1.0,20.75,10.335000038146973,0.0,0.0,2.0,1.0,0.33500000834465027,0.0,0.0,1.0,0.0,0.0,80.0,50.0,0.0
0.0,39.91999816894531,6.210000038146973,0.0,0.0,8.0,0.0,0.03999999910593033,0.0,0.0,1.0,1.0,0.0,200.0,300.0,0.0
0.0,25.670000076293945,12.5,0.0,0.0,2.0,0.0,1.2100000381469727,0.0,0.0,67.0,0.0,0.0,140.0,258.0,0.0
1.0,24.75,12.5,0.0,0.0,12.0,0.0,1.5,0.0,0.0,12.0,0.0,0.0,120.0,567.0,0.0
1.0,44.16999816894531,6.664999961853027,0.0,0.0,8.0,0.0,7.375,0.0,0.0,3.0,0.0,0.0,0.0,0.0,0.0
1.0,23.5,9.0,0.0,0.0,8.0,0.0,8.5,0.0,0.0,5.0,0.0,0.0,120.0,0.0,0.0
0.0,34.91999816894531,5.0,0.0,0.0,10.0,1.0,7.5,0.0,0.0,6.0,0.0,0.0,0.0,1000.0,0.0
0.0,47.66999816894531,2.5,0.0,0.0,6.0,2.0,2.5,0.0,0.0,12.0,0.0,0.0,410.0,2510.0,0.0
0.0,22.75,11.0,0.0,0.0,8.0,0.0,2.5,0.0,0.0,7.0,0.0,0.0,100.0,809.0,0.0
0.0,34.41999816894531,4.25,0.0,0.0,3.0,2.0,3.25,0.0,0.0,2.0,1.0,0.0,274.0,610.0,0.0
1.0,28.420000076293945,3.5,0.0,0.0,9.0,0.0,0.8349999785423279,0.0,1.0,0.0,1.0,2.0,280.0,0.0,0.0
0.0,67.75,5.5,0.0,0.0,11.0,5.0,13.0,0.0,0.0,1.0,0.0,0.0,0.0,0.0,0.0
0.0,20.420000076293945,1.8350000381469727,0.0,0.0,0.0,0.0,2.25,0.0,0.0,1.0,1.0,0.0,100.0,150.0,0.0
1.0,47.41999816894531,8.0,0.0,0.0,11.0,2.0,6.5,0.0,0.0,6.0,1.0,0.0,375.0,51100.0,0.0
0.0,36.25,5.0,0.0,0.0,0.0,2.0,2.5,0.0,0.0,6.0,1.0,0.0,0.0,367.0,0.0
0.0,32.66999816894531,5.5,0.0,0.0,8.0,1.0,5.5,0.0,0.0,12.0,0.0,0.0,408.0,1000.0,0.0
0.0,48.58000183105469,6.5,0.0,0.0,8.0,1.0,6.0,0.0,1.0,0.0,0.0,0.0,350.0,0.0,0.0
0.0,39.91999816894531,0.5400000214576721,1.0,1.0,12.0,0.0,0.5,0.0,0.0,3.0,1.0,0.0,200.0,1000.0,0.0
0.0,33.58000183105469,2.75,0.0,0.0,6.0,0.0,4.25,0.0,0.0,6.0,1.0,0.0,204.0,0.0,0.0
1.0,18.829999923706055,9.5,0.0,0.0,9.0,0.0,1.625,0.0,0.0,6.0,0.0,0.0,40.0,600.0,0.0
1.0,26.920000076293945,13.5,0.0,0.0,8.0,1.0,5.0,0.0,0.0,2.0,1.0,0.0,0.0,5000.0,0.0
1.0,31.25,3.75,0.0,0.0,2.0,1.0,0.625,0.0,0.0,9.0,0.0,0.0,181.0,0.0,0.0
1.0,56.5,16.0,0.0,0.0,4.0,7.0,0.0,0.0,0.0,15.0,1.0,0.0,0.0,247.0,0.0
0.0,43.0,0.28999999165534973,1.0,1.0,2.0,1.0,1.75,0.0,0.0,8.0,1.0,0.0,100.0,375.0,0.0
0.0,22.329999923706055,11.0,0.0,0.0,9.0,0.0,2.0,0.0,0.0,1.0,1.0,0.0,80.0,278.0,0.0
0.0,27.25,1.6649999618530273,0.0,0.0,2.0,1.0,5.085000038146973,0.0,0.0,9.0,1.0,0.0,399.0,827.0,0.0
0.0,32.83000183105469,2.5,0.0,0.0,2.0,1.0,2.75,0.0,0.0,6.0,1.0,0.0,160.0,2072.0,0.0
0.0,23.25,1.5,0.0,0.0,8.0,0.0,2.375,0.0,0.0,3.0,0.0,0.0,0.0,582.0,0.0
1.0,40.33000183105469,7.539999961853027,1.0,1.0,8.0,1.0,8.0,0.0,0.0,14.0,1.0,0.0,0.0,2300.0,0.0
1.0,30.5,6.5,0.0,0.0,0.0,2.0,4.0,0.0,0.0,7.0,0.0,0.0,0.0,3065.0,0.0
1.0,52.83000183105469,15.0,0.0,0.0,0.0,0.0,5.5,0.0,0.0,14.0,1.0,0.0,0.0,2200.0,0.0
1.0,46.66999816894531,0.46000000834465027,0.0,0.0,2.0,1.0,0.41499999165534973,0.0,0.0,11.0,0.0,0.0,440.0,6.0,0.0
1.0,58.33000183105469,10.0,0.0,0.0,8.0,0.0,4.0,0.0,0.0,14.0,1.0,0.0,0.0,1602.0,0.0
0.0,37.33000183105469,6.5,0.0,0.0,6.0,1.0,4.25,0.0,0.0,12.0,0.0,0.0,93.0,0.0,0.0
0.0,23.079999923706055,2.5,0.0,0.0,0.0,0.0,1.0850000381469727,0.0,0.0,11.0,0.0,0.0,60.0,2184.0,0.0
0.0,32.75,1.5,0.0,0.0,2.0,1.0,5.5,0.0,0.0,3.0,0.0,0.0,0.0,0.0,0.0
1.0,21.670000076293945,11.5,1.0,1.0,4.0,3.0,0.0,0.0,0.0,11.0,0.0,0.0,0.0,0.0,0.0
1.0,28.5,3.0399999618530273,1.0,1.0,10.0,1.0,2.5399999618530273,0.0,0.0,1.0,1.0,0.0,70.0,0.0,0.0
1.0,68.66999816894531,15.0,0.0,0.0,11.0,5.0,0.0,0.0,0.0,14.0,1.0,0.0,0.0,3376.0,0.0
0.0,28.0,2.0,0.0,0.0,5.0,1.0,4.164999961853027,0.0,0.0,2.0,0.0,0.0,181.0,0.0,0.0
0.0,34.08000183105469,0.07999999821186066,1.0,1.0,6.0,2.0,0.03999999910593033,0.0,0.0,1.0,0.0,0.0,280.0,2000.0,0.0
0.0,27.670000076293945,2.0,0.0,0.0,10.0,1.0,1.0,0.0,0.0,4.0,1.0,0.0,140.0,7544.0,0.0
0.0,44.0,2.0,0.0,0.0,6.0,0.0,1.75,0.0,0.0,2.0,0.0,0.0,0.0,15.0,0.0
0.0,25.079999923706055,1.7100000381469727,0.0,0.0,10.0,0.0,1.6649999618530273,0.0,0.0,1.0,0.0,0.0,395.0,20.0,0.0
0.0,32.0,1.75,1.0,1.0,11.0,1.0,0.03999999910593033,0.0,1.0,0.0,0.0,0.0,393.0,0.0,0.0
1.0,60.58000183105469,16.5,0.0,0.0,8.0,0.0,11.0,0.0,1.0,0.0,0.0,0.0,21.0,10561.0,0.0
1.0,40.83000183105469,10.0,0.0,0.0,8.0,1.0,1.75,0.0,1.0,0.0,1.0,0.0,29.0,837.0,0.0
0.0,19.329999923706055,9.5,0.0,0.0,8.0,0.0,1.0,0.0,1.0,0.0,0.0,0.0,60.0,400.0,0.0
1.0,32.33000183105469,0.5400000214576721,0.0,0.0,2.0,0.0,0.03999999910593033,0.0,1.0,0.0,1.0,0.0,440.0,11177.0,0.0
0.0,36.66999816894531,3.25,0.0,0.0,8.0,1.0,9.0,0.0,1.0,0.0,0.0,0.0,102.0,639.0,0.0
0.0,37.5,1.125,1.0,1.0,1.0,0.0,1.5,1.0,1.0,0.0,0.0,0.0,431.0,0.0,0.0
1.0,25.079999923706055,2.5399999618530273,1.0,1.0,12.0,0.0,0.25,0.0,1.0,0.0,0.0,0.0,370.0,0.0,0.0
0.0,41.33000183105469,0.0,0.0,0.0,0.0,2.0,15.0,0.0,1.0,0.0,1.0,0.0,0.0,0.0,0.0
0.0,56.0,12.5,0.0,0.0,5.0,1.0,8.0,0.0,1.0,0.0,0.0,0.0,24.0,2028.0,0.0
1.0,49.83000183105469,13.585000038146973,0.0,0.0,5.0,1.0,8.5,0.0,1.0,0.0,0.0,0.0,0.0,0.0,0.0
0.0,22.670000076293945,10.5,0.0,0.0,8.0,1.0,1.3350000381469727,0.0,1.0,0.0,1.0,0.0,100.0,0.0,0.0
0.0,27.0,1.5,1.0,1.0,9.0,0.0,0.375,0.0,1.0,0.0,0.0,0.0,260.0,1065.0,0.0
0.0,25.0,12.5,0.0,0.0,12.0,0.0,3.0,0.0,1.0,0.0,0.0,2.0,20.0,0.0,0.0
1.0,26.079999923706055,8.664999961853027,0.0,0.0,12.0,0.0,1.4149999618530273,0.0,1.0,0.0,1.0,0.0,160.0,150.0,0.0
1.0,18.420000076293945,9.25,0.0,0.0,8.0,0.0,1.2100000381469727,0.0,0.0,4.0,1.0,0.0,60.0,540.0,0.0
0.0,20.170000076293945,8.170000076293945,0.0,0.0,12.0,0.0,1.9600000381469727,0.0,0.0,14.0,1.0,0.0,60.0,158.0,0.0
0.0,47.66999816894531,0.28999999165534973,0.0,0.0,0.0,2.0,15.0,0.0,0.0,20.0,1.0,0.0,0.0,15000.0,0.0
1.0,21.25,2.3350000381469727,0.0,0.0,3.0,2.0,0.5,0.0,0.0,4.0,1.0,2.0,80.0,0.0,0.0
1.0,20.670000076293945,3.0,0.0,0.0,8.0,0.0,0.16500000655651093,0.0,0.0,3.0,1.0,0.0,100.0,6.0,0.0
1.0,57.08000183105469,19.5,0.0,0.0,0.0,0.0,5.5,0.0,0.0,7.0,1.0,0.0,0.0,3000.0,0.0
1.0,22.420000076293945,5.664999961853027,0.0,0.0,8.0,0.0,2.5850000381469727,0.0,0.0,7.0,1.0,0.0,129.0,3257.0,0.0
0.0,48.75,8.5,0.0,0.0,0.0,1.0,12.5,0.0,0.0,9.0,1.0,0.0,181.0,1655.0,0.0
0.0,40.0,6.5,0.0,0.0,12.0,2.0,3.5,0.0,0.0,1.0,1.0,0.0,0.0,500.0,0.0
0.0,40.58000183105469,5.0,0.0,0.0,0.0,0.0,5.0,0.0,0.0,7.0,1.0,0.0,0.0,3065.0,0.0
1.0,28.670000076293945,1.0399999618530273,0.0,0.0,0.0,0.0,2.5,0.0,0.0,5.0,0.0,0.0,300.0,1430.0,0.0
1.0,33.08000183105469,4.625,0.0,0.0,8.0,1.0,1.625,0.0,0.0,2.0,1.0,0.0,0.0,0.0,0.0
0.0,21.329999923706055,10.5,0.0,0.0,0.0,0.0,3.0,0.0,1.0,0.0,0.0,0.0,0.0,0.0,0.0
0.0,42.0,0.20499999821186066,0.0,0.0,3.0,1.0,5.125,0.0,1.0,0.0,1.0,0.0,400.0,0.0,0.0
0.0,41.75,0.9599999785423279,0.0,0.0,10.0,0.0,2.5,0.0,1.0,0.0,1.0,0.0,510.0,600.0,0.0
0.0,22.670000076293945,1.5850000381469727,1.0,1.0,9.0,0.0,3.0850000381469727,0.0,0.0,6.0,1.0,0.0,80.0,0.0,0.0
0.0,34.5,4.039999961853027,1.0,1.0,3.0,2.0,8.5,0.0,0.0,7.0,0.0,0.0,195.0,0.0,0.0
0.0,28.25,5.039999961853027,1.0,1.0,0.0,2.0,1.5,0.0,0.0,8.0,0.0,0.0,144.0,7.0,0.0
0.0,33.16999816894531,3.1649999618530273,1.0,1.0,10.0,0.0,3.1649999618530273,0.0,0.0,3.0,0.0,0.0,380.0,0.0,0.0
0.0,48.16999816894531,7.625,0.0,0.0,9.0,1.0,15.5,0.0,0.0,12.0,1.0,0.0,0.0,790.0,0.0
0.0,27.579999923706055,2.0399999618530273,1.0,1.0,12.0,0.0,2.0,0.0,0.0,3.0,0.0,0.0,370.0,560.0,0.0
0.0,22.579999923706055,10.039999961853027,0.0,0.0,10.0,0.0,0.03999999910593033,0.0,0.0,9.0,1.0,0.0,60.0,396.0,0.0
1.0,24.079999923706055,0.5,0.0,0.0,8.0,1.0,1.25,0.0,0.0,1.0,1.0,0.0,0.0,678.0,0.0
1.0,41.33000183105469,1.0,0.0,0.0,3.0,2.0,2.25,0.0,1.0,0.0,0.0,0.0,0.0,300.0,0.0
0.0,24.829999923706055,2.75,0.0,0.0,0.0,0.0,2.25,0.0,0.0,6.0,1.0,0.0,,600.0,0.0
1.0,20.75,10.25,0.0,0.0,8.0,0.0,0.7099999785423279,0.0,0.0,2.0,0.0,0.0,49.0,0.0,0.0
0.0,36.33000183105469,2.125,1.0,1.0,9.0,0.0,0.08500000089406967,0.0,0.0,1.0,1.0,0.0,50.0,1187.0,0.0
1.0,35.41999816894531,12.0,0.0,0.0,8.0,1.0,14.0,0.0,0.0,8.0,1.0,0.0,0.0,6590.0,0.0
1.0,71.58000183105469,0.0,,,,,0.0,1.0,1.0,0.0,1.0,1.0,,0.0,0.0
0.0,28.670000076293945,9.335000038146973,0.0,0.0,8.0,1.0,5.664999961853027,0.0,0.0,6.0,1.0,0.0,381.0,168.0,0.0
0.0,35.16999816894531,2.5,0.0,0.0,5.0,0.0,4.5,0.0,0.0,7.0,1.0,0.0,150.0,1270.0,0.0
0.0,39.5,4.25,0.0,0.0,0.0,2.0,6.5,0.0,0.0,16.0,1.0,0.0,117.0,1210.0,0.0
0.0,39.33000183105469,5.875,0.0,0.0,2.0,1.0,10.0,0.0,0.0,14.0,0.0,0.0,399.0,0.0,0.0
0.0,24.329999923706055,6.625,1.0,1.0,1.0,0.0,5.5,0.0,1.0,0.0,0.0,2.0,100.0,0.0,0.0
0.0,60.08000183105469,14.5,0.0,0.0,13.0,7.0,18.0,0.0,0.0,15.0,0.0,0.0,0.0,1000.0,0.0
0.0,23.079999923706055,11.5,0.0,0.0,3.0,0.0,3.5,0.0,0.0,9.0,1.0,0.0,56.0,742.0,0.0
0.0,26.670000076293945,2.7100000381469727,1.0,1.0,2.0,0.0,5.25,0.0,0.0,1.0,1.0,0.0,211.0,0.0,0.0
0.0,48.16999816894531,3.5,0.0,0.0,12.0,0.0,3.5,0.0,1.0,0.0,1.0,2.0,230.0,0.0,0.0
0.0,41.16999816894531,4.039999961853027,0.0,0.0,2.0,1.0,7.0,0.0,0.0,8.0,1.0,0.0,320.0,0.0,0.0
0.0,55.91999816894531,11.5,0.0,0.0,13.0,7.0,5.0,0.0,0.0,5.0,1.0,0.0,0.0,8851.0,0.0
0.0,53.91999816894531,9.625,0.0,0.0,11.0,0.0,8.664999961853027,0.0,0.0,5.0,1.0,0.0,0.0,0.0,0.0
1.0,18.920000076293945,9.25,1.0,1.0,0.0,0.0,1.0,0.0,0.0,4.0,0.0,0.0,80.0,500.0,0.0
1.0,50.08000183105469,12.539999961853027,0.0,0.0,12.0,0.0,2.2899999618530273,0.0,0.0,3.0,0.0,0.0,156.0,0.0,0.0
0.0,65.41999816894531,11.0,0.0,0.0,11.0,5.0,20.0,0.0,0.0,7.0,0.0,0.0,22.0,0.0,0.0
1.0,17.579999923706055,9.0,0.0,0.0,12.0,0.0,1.375,0.0,1.0,0.0,0.0,0.0,0.0,0.0,0.0
1.0,18.829999923706055,9.539999961853027,0.0,0.0,12.0,0.0,0.08500000089406967,0.0,1.0,0.0,1.0,0.0,100.0,0.0,0.0
1.0,37.75,5.5,0.0,0.0,8.0,0.0,0.125,0.0,1.0,0.0,0.0,0.0,228.0,0.0,0.0
0.0,23.25,4.0,0.0,0.0,0.0,2.0,0.25,0.0,1.0,0.0,0.0,0.0,160.0,0.0,0.0
0.0,18.079999923706055,5.5,0.0,0.0,5.0,0.0,0.5,0.0,1.0,0.0,1.0,0.0,80.0,0.0,0.0
1.0,22.5,8.460000038146973,1.0,1.0,10.0,0.0,2.4600000381469727,1.0,1.0,0.0,1.0,0.0,164.0,0.0,0.0
0.0,19.670000076293945,0.375,0.0,0.0,8.0,0.0,2.0,0.0,0.0,2.0,0.0,0.0,80.0,0.0,0.0
0.0,22.079999923706055,11.0,0.0,0.0,2.0,0.0,0.6650000214576721,0.0,1.0,0.0,1.0,0.0,100.0,0.0,0.0
0.0,25.170000076293945,3.5,0.0,0.0,2.0,0.0,0.625,0.0,0.0,7.0,1.0,0.0,0.0,7059.0,0.0
1.0,47.41999816894531,3.0,0.0,0.0,10.0,0.0,13.875,0.0,0.0,2.0,0.0,0.0,519.0,1704.0,0.0
0.0,33.5,1.75,0.0,0.0,10.0,1.0,4.5,0.0,0.0,4.0,0.0,0.0,253.0,857.0,0.0
0.0,27.670000076293945,13.75,0.0,0.0,9.0,0.0,5.75,0.0,1.0,0.0,0.0,0.0,487.0,500.0,0.0
1.0,58.41999816894531,21.0,0.0,0.0,3.0,2.0,10.0,0.0,0.0,13.0,1.0,0.0,0.0,6700.0,0.0
1.0,20.670000076293945,1.8350000381469727,0.0,0.0,8.0,0.0,2.0850000381469727,0.0,0.0,5.0,1.0,0.0,220.0,2503.0,0.0
0.0,26.170000076293945,0.25,0.0,0.0,3.0,2.0,0.0,0.0,1.0,0.0,0.0,0.0,0.0,0.0,0.0
0.0,21.329999923706055,7.5,0.0,0.0,12.0,0.0,1.4149999618530273,0.0,0.0,1.0,1.0,0.0,80.0,9800.0,0.0
0.0,42.83000183105469,4.625,0.0,0.0,8.0,0.0,4.579999923706055,0.0,1.0,0.0,1.0,2.0,0.0,0.0,0.0
0.0,38.16999816894531,10.125,0.0,0.0,10.0,0.0,2.5,0.0,0.0,6.0,1.0,0.0,520.0,196.0,0.0
0.0,20.5,10.0,1.0,1.0,0.0,0.0,2.5,0.0,1.0,0.0,1.0,2.0,40.0,0.0,0.0
0.0,48.25,25.084999084472656,0.0,0.0,9.0,0.0,1.75,0.0,0.0,3.0,1.0,0.0,120.0,14.0,0.0
0.0,28.329999923706055,5.0,0.0,0.0,9.0,0.0,11.0,0.0,1.0,0.0,0.0,0.0,70.0,0.0,0.0
1.0,18.75,7.5,0.0,0.0,8.0,0.0,2.7100000381469727,0.0,0.0,5.0,1.0,0.0,,26726.0,0.0
0.0,18.5,2.0,0.0,0.0,3.0,0.0,1.5,0.0,0.0,2.0,1.0,0.0,120.0,300.0,0.0
0.0,33.16999816894531,3.0399999618530273,1.0,1.0,0.0,1.0,2.0399999618530273,0.0,0.0,1.0,0.0,0.0,180.0,18027.0,0.0
0.0,45.0,8.5,0.0,0.0,2.0,1.0,14.0,0.0,0.0,1.0,0.0,0.0,88.0,2000.0,0.0
1.0,19.670000076293945,0.20999999344348907,0.0,0.0,8.0,1.0,0.28999999165534973,0.0,0.0,11.0,1.0,0.0,80.0,99.0,0.0
,24.5,12.75,0.0,0.0,0.0,2.0,4.75,0.0,0.0,2.0,1.0,0.0,73.0,444.0,0.0
0.0,21.829999923706055,11.0,0.0,0.0,10.0,0.0,0.28999999165534973,0.0,0.0,6.0,1.0,0.0,121.0,0.0,0.0
0.0,40.25,21.5,0.0,0.0,11.0,5.0,20.0,0.0,0.0,11.0,1.0,0.0,0.0,1200.0,0.0
0.0,41.41999816894531,5.0,0.0,0.0,8.0,1.0,5.0,0.0,0.0,6.0,0.0,0.0,470.0,0.0,0.0
1.0,17.829999923706055,11.0,0.0,0.0,10.0,1.0,1.0,0.0,0.0,11.0,1.0,0.0,0.0,3000.0,0.0
0.0,23.170000076293945,11.125,0.0,0.0,10.0,1.0,0.46000000834465027,0.0,0.0,1.0,1.0,0.0,100.0,0.0,0.0
0.0,,0.625,0.0,0.0,5.0,0.0,0.25,1.0,1.0,0.0,1.0,0.0,380.0,2010.0,1.0
0.0,18.170000076293945,10.25,0.0,0.0,0.0,1.0,1.0850000381469727,1.0,1.0,0.0,1.0,0.0,320.0,13.0,1.0
0.0,20.0,11.045000076293945,0.0,0.0,0.0,0.0,2.0,1.0,1.0,0.0,0.0,0.0,136.0,0.0,1.0
0.0,20.0,0.0,0.0,0.0,1.0,0.0,0.5,1.0,1.0,0.0,1.0,0.0,144.0,0.0,1.0
1.0,20.75,9.539999961853027,0.0,0.0,3.0,0.0,0.03999999910593033,1.0,1.0,0.0,1.0,0.0,200.0,1000.0,1.0
1.0,24.5,1.75,1.0,1.0,0.0,0.0,0.16500000655651093,1.0,1.0,0.0,1.0,0.0,132.0,0.0,1.0
0.0,32.75,2.3350000381469727,0.0,0.0,1.0,1.0,5.75,1.0,1.0,0.0,0.0,0.0,292.0,0.0,1.0
1.0,52.16999816894531,0.0,1.0,1.0,13.0,7.0,0.0,1.0,1.0,0.0,1.0,0.0,0.0,0.0,1.0
1.0,48.16999816894531,1.3350000381469727,0.0,0.0,3.0,8.0,0.33500000834465027,1.0,1.0,0.0,1.0,0.0,0.0,120.0,1.0
1.0,20.420000076293945,10.5,1.0,1.0,10.0,1.0,0.0,1.0,1.0,0.0,0.0,0.0,154.0,32.0,1.0
0.0,50.75,0.5849999785423279,0.0,0.0,13.0,7.0,0.0,1.0,1.0,0.0,1.0,0.0,145.0,0.0,1.0
0.0,17.079999923706055,0.08500000089406967,1.0,1.0,0.0,0.0,0.03999999910593033,1.0,1.0,0.0,1.0,0.0,140.0,722.0,1.0
0.0,18.329999923706055,1.2100000381469727,1.0,1.0,11.0,6.0,0.0,1.0,1.0,0.0,1.0,0.0,100.0,0.0,1.0
1.0,32.0,6.0,0.0,0.0,1.0,0.0,1.25,1.0,1.0,0.0,1.0,0.0,272.0,0.0,1.0
0.0,59.66999816894531,1.5399999618530273,0.0,0.0,8.0,0.0,0.125,0.0,1.0,0.0,0.0,0.0,260.0,0.0,0.0
0.0,18.0,0.16500000655651093,0.0,0.0,8.0,4.0,0.20999999344348907,1.0,1.0,0.0,1.0,0.0,200.0,40.0,0.0
0.0,37.58000183105469,0.0,,,,,0.0,1.0,1.0,0.0,1.0,1.0,,0.0,0.0
0.0,32.33000183105469,2.5,0.0,0.0,0.0,0.0,1.25,1.0,1.0,0.0,0.0,0.0,280.0,0.0,1.0
0.0,18.079999923706055,6.75,1.0,1.0,6.0,0.0,0.03999999910593033,1.0,1.0,0.0,1.0,0.0,140.0,0.0,1.0
0.0,38.25,10.125,1.0,1.0,5.0,0.0,0.125,1.0,1.0,0.0,1.0,0.0,160.0,0.0,1.0
0.0,30.670000076293945,2.5,0.0,0.0,2.0,1.0,2.25,1.0,1.0,0.0,0.0,2.0,340.0,0.0,1.0
0.0,18.579999923706055,5.710000038146973,0.0,0.0,1.0,0.0,0.5400000214576721,1.0,1.0,0.0,1.0,0.0,120.0,0.0,1.0
1.0,19.170000076293945,5.414999961853027,0.0,0.0,3.0,1.0,0.28999999165534973,1.0,1.0,0.0,1.0,0.0,80.0,484.0,1.0
1.0,18.170000076293945,10.0,1.0,1.0,8.0,1.0,0.16500000655651093,1.0,1.0,0.0,1.0,0.0,340.0,0.0,1.0
0.0,24.579999923706055,13.5,1.0,1.0,13.0,7.0,0.0,1.0,1.0,0.0,1.0,0.0,,0.0,1.0
0.0,16.25,0.8349999785423279,0.0,0.0,6.0,0.0,0.08500000089406967,0.0,1.0,0.0,1.0,2.0,200.0,0.0,1.0
0.0,21.170000076293945,0.875,1.0,1.0,0.0,1.0,0.25,1.0,1.0,0.0,1.0,0.0,280.0,204.0,1.0
0.0,23.920000076293945,0.5849999785423279,1.0,1.0,2.0,1.0,0.125,1.0,1.0,0.0,1.0,0.0,240.0,1.0,1.0
0.0,17.670000076293945,4.460000038146973,0.0,0.0,0.0,0.0,0.25,1.0,1.0,0.0,1.0,2.0,80.0,0.0,1.0
1.0,16.5,1.25,0.0,0.0,8.0,0.0,0.25,1.0,0.0,1.0,1.0,0.0,108.0,98.0,1.0
0.0,23.25,12.625,0.0,0.0,0.0,0.0,0.125,1.0,0.0,2.0,1.0,0.0,0.0,5552.0,1.0
0.0,17.579999923706055,10.0,0.0,0.0,9.0,1.0,0.16500000655651093,1.0,0.0,1.0,1.0,0.0,120.0,1.0,1.0
1.0,,1.5,0.0,0.0,13.0,7.0,0.0,1.0,0.0,2.0,0.0,0.0,200.0,105.0,1.0
0.0,29.5,0.5799999833106995,0.0,0.0,9.0,0.0,0.28999999165534973,1.0,0.0,1.0,1.0,0.0,340.0,2803.0,1.0
0.0,18.829999923706055,0.41499999165534973,1.0,1.0,0.0,0.0,0.16500000655651093,1.0,0.0,1.0,1.0,0.0,200.0,1.0,1.0
1.0,21.75,1.75,1.0,1.0,4.0,3.0,0.0,1.0,1.0,0.0,1.0,0.0,160.0,0.0,1.0
0.0,23.0,0.75,0.0,0.0,6.0,0.0,0.5,1.0,1.0,0.0,0.0,2.0,320.0,0.0,1.0
1.0,18.25,10.0,0.0,0.0,9.0,0.0,1.0,1.0,0.0,1.0,1.0,0.0,120.0,1.0,1.0
0.0,25.420000076293945,0.5400000214576721,0.0,0.0,9.0,0.0,0.16500000655651093,1.0,0.0,1.0,1.0,0.0,272.0,444.0,1.0
0.0,35.75,2.4149999618530273,0.0,0.0,9.0,0.0,0.125,1.0,0.0,2.0,1.0,0.0,220.0,1.0,1.0
1.0,16.079999923706055,0.33500000834465027,0.0,0.0,13.0,7.0,0.0,1.0,0.0,1.0,1.0,0.0,160.0,126.0,1.0
1.0,31.920000076293945,3.125,0.0,0.0,13.0,7.0,3.0399999618530273,1.0,0.0,2.0,0.0,0.0,200.0,4.0,1.0
0.0,69.16999816894531,9.0,0.0,0.0,13.0,7.0,4.0,1.0,0.0,1.0,1.0,0.0,70.0,6.0,1.0
0.0,32.91999816894531,2.5,0.0,0.0,12.0,0.0,1.75,1.0,0.0,2.0,0.0,0.0,720.0,0.0,1.0
0.0,16.329999923706055,2.75,0.0,0.0,12.0,0.0,0.6650000214576721,1.0,0.0,1.0,1.0,0.0,80.0,21.0,1.0
0.0,22.170000076293945,12.125,0.0,0.0,0.0,0.0,3.3350000381469727,1.0,0.0,2.0,0.0,0.0,180.0,173.0,1.0
1.0,57.58000183105469,2.0,0.0,0.0,13.0,7.0,6.5,1.0,0.0,1.0,1.0,0.0,0.0,10.0,1.0
0.0,18.25,0.16500000655651093,0.0,0.0,1.0,0.0,0.25,1.0,1.0,0.0,0.0,2.0,280.0,0.0,1.0
0.0,23.420000076293945,1.0,0.0,0.0,0.0,0.0,0.5,1.0,1.0,0.0,0.0,2.0,280.0,0.0,1.0
1.0,15.920000076293945,2.875,0.0,0.0,8.0,0.0,0.08500000089406967,1.0,1.0,0.0,1.0,0.0,120.0,0.0,1.0
1.0,24.75,13.664999961853027,0.0,0.0,8.0,1.0,1.5,1.0,1.0,0.0,1.0,0.0,280.0,1.0,1.0
0.0,48.75,26.334999084472656,1.0,1.0,13.0,7.0,0.0,0.0,1.0,0.0,0.0,0.0,0.0,0.0,1.0
0.0,23.5,2.75,0.0,0.0,13.0,7.0,4.5,1.0,1.0,0.0,1.0,0.0,160.0,25.0,1.0
0.0,18.579999923706055,10.289999961853027,0.0,0.0,13.0,7.0,0.41499999165534973,1.0,1.0,0.0,1.0,0.0,80.0,0.0,1.0
0.0,27.75,1.2899999618530273,0.0,0.0,5.0,1.0,0.25,1.0,1.0,0.0,0.0,2.0,140.0,0.0,1.0
1.0,31.75,3.0,1.0,1.0,4.0,3.0,0.0,1.0,1.0,0.0,1.0,0.0,160.0,20.0,1.0
1.0,24.829999923706055,4.5,0.0,0.0,9.0,0.0,1.0,1.0,1.0,0.0,0.0,0.0,360.0,6.0,1.0
0.0,19.0,1.75,1.0,1.0,0.0,0.0,2.3350000381469727,1.0,1.0,0.0,0.0,0.0,112.0,6.0,1.0
1.0,16.329999923706055,0.20999999344348907,0.0,0.0,12.0,0.0,0.125,1.0,1.0,0.0,1.0,0.0,200.0,1.0,1.0
1.0,18.579999923706055,10.0,0.0,0.0,1.0,0.0,0.41499999165534973,1.0,1.0,0.0,1.0,0.0,80.0,42.0,1.0
0.0,16.25,0.0,1.0,1.0,12.0,0.0,0.25,1.0,1.0,0.0,1.0,0.0,60.0,0.0,1.0
0.0,23.0,0.75,0.0,0.0,6.0,0.0,0.5,0.0,1.0,0.0,0.0,2.0,320.0,0.0,1.0
0.0,21.170000076293945,0.25,1.0,1.0,0.0,1.0,0.25,1.0,1.0,0.0,1.0,0.0,280.0,204.0,1.0
0.0,17.5,22.0,2.0,2.0,13.0,8.0,0.0,1.0,1.0,0.0,0.0,1.0,450.0,100000.0,0.0
0.0,19.170000076293945,0.0,1.0,1.0,6.0,2.0,0.0,1.0,1.0,0.0,0.0,2.0,500.0,1.0,0.0
0.0,36.75,0.125,1.0,1.0,0.0,0.0,1.5,1.0,1.0,0.0,0.0,0.0,232.0,113.0,0.0
0.0,21.25,1.5,0.0,0.0,9.0,0.0,1.5,1.0,1.0,0.0,1.0,0.0,150.0,8.0,0.0
1.0,18.079999923706055,0.375,2.0,2.0,2.0,7.0,10.0,1.0,1.0,0.0,0.0,2.0,300.0,0.0,0.0
1.0,33.66999816894531,0.375,0.0,0.0,2.0,0.0,0.375,1.0,1.0,0.0,1.0,0.0,300.0,44.0,0.0
0.0,48.58000183105469,0.20499999821186066,1.0,1.0,5.0,0.0,0.25,0.0,0.0,11.0,1.0,0.0,380.0,2732.0,0.0
0.0,33.66999816894531,1.25,0.0,0.0,9.0,0.0,1.1649999618530273,1.0,1.0,0.0,1.0,0.0,120.0,0.0,1.0
1.0,29.5,1.0850000381469727,1.0,1.0,10.0,0.0,1.0,1.0,1.0,0.0,1.0,0.0,280.0,13.0,1.0
0.0,30.170000076293945,1.0850000381469727,1.0,1.0,0.0,0.0,0.03999999910593033,1.0,1.0,0.0,1.0,0.0,170.0,179.0,1.0
,40.83000183105469,3.5,0.0,0.0,3.0,2.0,0.5,1.0,1.0,0.0,1.0,2.0,1160.0,0.0,1.0
0.0,34.83000183105469,2.5,1.0,1.0,9.0,0.0,3.0,1.0,1.0,0.0,1.0,2.0,200.0,0.0,1.0
0.0,,4.0,1.0,1.0,3.0,0.0,0.08500000089406967,1.0,1.0,0.0,0.0,0.0,411.0,0.0,1.0
0.0,20.420000076293945,0.0,,,,,0.0,1.0,1.0,0.0,1.0,1.0,,0.0,1.0
1.0,33.25,2.5,1.0,1.0,0.0,0.0,2.5,1.0,1.0,0.0,0.0,0.0,0.0,2.0,1.0
0.0,34.08000183105469,2.5,0.0,0.0,0.0,0.0,1.0,1.0,1.0,0.0,1.0,0.0,460.0,16.0,1.0
1.0,25.25,12.5,0.0,0.0,1.0,0.0,1.0,1.0,1.0,0.0,0.0,0.0,180.0,1062.0,1.0
0.0,34.75,2.5,0.0,0.0,2.0,2.0,0.5,1.0,1.0,0.0,1.0,0.0,348.0,0.0,1.0
0.0,27.670000076293945,0.75,0.0,0.0,8.0,1.0,0.16500000655651093,1.0,1.0,0.0,0.0,0.0,220.0,251.0,1.0
0.0,47.33000183105469,6.5,0.0,0.0,0.0,0.0,1.0,1.0,1.0,0.0,0.0,0.0,0.0,228.0,1.0
1.0,34.83000183105469,1.25,1.0,1.0,3.0,1.0,0.5,1.0,1.0,0.0,0.0,0.0,160.0,0.0,1.0
1.0,33.25,3.0,1.0,1.0,12.0,0.0,2.0,1.0,1.0,0.0,1.0,0.0,180.0,0.0,1.0
0.0,28.0,3.0,0.0,0.0,9.0,0.0,0.75,1.0,1.0,0.0,0.0,0.0,300.0,67.0,1.0
1.0,39.08000183105469,4.0,0.0,0.0,0.0,0.0,3.0,1.0,1.0,0.0,1.0,0.0,480.0,0.0,1.0
0.0,42.75,4.085000038146973,0.0,0.0,12.0,0.0,0.03999999910593033,1.0,1.0,0.0,1.0,0.0,108.0,100.0,1.0
0.0,26.920000076293945,2.25,0.0,0.0,3.0,2.0,0.5,1.0,1.0,0.0,0.0,0.0,640.0,4000.0,1.0
0.0,33.75,2.75,0.0,0.0,3.0,2.0,0.0,1.0,1.0,0.0,1.0,0.0,180.0,0.0,1.0
0.0,38.91999816894531,1.75,0.0,0.0,5.0,0.0,0.5,1.0,1.0,0.0,0.0,0.0,300.0,2.0,1.0
0.0,62.75,7.0,0.0,0.0,11.0,5.0,0.0,1.0,1.0,0.0,1.0,0.0,0.0,12.0,1.0
,32.25,1.5,0.0,0.0,0.0,0.0,0.25,1.0,1.0,0.0,0.0,0.0,372.0,122.0,1.0
0.0,26.75,4.5,1.0,1.0,0.0,2.0,2.5,1.0,1.0,0.0,1.0,0.0,200.0,1210.0,1.0
0.0,63.33000183105469,0.5400000214576721,0.0,0.0,0.0,0.0,0.5849999785423279,0.0,0.0,3.0,0.0,0.0,180.0,0.0,1.0
0.0,27.829999923706055,1.5,0.0,0.0,9.0,0.0,2.25,1.0,0.0,1.0,0.0,0.0,100.0,3.0,1.0
1.0,26.170000076293945,2.0,0.0,0.0,4.0,3.0,0.0,1.0,1.0,0.0,0.0,0.0,276.0,1.0,1.0
0.0,22.170000076293945,0.5849999785423279,1.0,1.0,13.0,7.0,0.0,1.0,1.0,0.0,1.0,0.0,100.0,0.0,1.0
0.0,22.5,11.5,1.0,1.0,6.0,0.0,1.5,1.0,1.0,0.0,0.0,0.0,0.0,4000.0,1.0
0.0,30.75,1.5850000381469727,0.0,0.0,1.0,0.0,0.5849999785423279,1.0,1.0,0.0,0.0,2.0,0.0,0.0,1.0
0.0,36.66999816894531,2.0,0.0,0.0,3.0,0.0,0.25,1.0,1.0,0.0,0.0,0.0,221.0,0.0,1.0
1.0,16.0,0.16500000655651093,0.0,0.0,12.0,0.0,1.0,1.0,0.0,2.0,0.0,0.0,320.0,1.0,1.0
0.0,41.16999816894531,1.3350000381469727,0.0,0.0,1.0,0.0,0.16500000655651093,1.0,1.0,0.0,1.0,0.0,168.0,0.0,1.0
1.0,19.5,0.16500000655651093,0.0,0.0,8.0,0.0,0.03999999910593033,1.0,1.0,0.0,0.0,0.0,380.0,0.0,1.0
0.0,32.41999816894531,3.0,0.0,0.0,1.0,0.0,0.16500000655651093,1.0,1.0,0.0,0.0,0.0,120.0,0.0,1.0
1.0,36.75,4.710000038146973,0.0,0.0,13.0,7.0,0.0,1.0,1.0,0.0,1.0,0.0,160.0,0.0,1.0
1.0,30.25,5.5,0.0,0.0,5.0,0.0,5.5,1.0,1.0,0.0,0.0,2.0,100.0,0.0,1.0
0.0,23.079999923706055,2.5,0.0,0.0,13.0,7.0,0.08500000089406967,1.0,1.0,0.0,0.0,0.0,100.0,4208.0,1.0
0.0,26.829999923706055,0.5400000214576721,0.0,0.0,5.0,7.0,0.0,1.0,1.0,0.0,1.0,0.0,100.0,0.0,1.0
0.0,16.920000076293945,0.33500000834465027,1.0,1.0,5.0,0.0,0.28999999165534973,1.0,1.0,0.0,1.0,2.0,200.0,0.0,1.0
0.0,24.420000076293945,2.0,0.0,0.0,11.0,6.0,0.16500000655651093,1.0,0.0,2.0,1.0,0.0,320.0,1300.0,1.0
0.0,42.83000183105469,1.25,0.0,0.0,6.0,0.0,13.875,1.0,0.0,1.0,0.0,0.0,352.0,112.0,1.0
1.0,22.75,6.164999961853027,0.0,0.0,12.0,0.0,0.16500000655651093,1.0,1.0,0.0,1.0,0.0,220.0,1000.0,1.0
0.0,39.41999816894531,1.7100000381469727,1.0,1.0,6.0,0.0,0.16500000655651093,1.0,1.0,0.0,1.0,2.0,400.0,0.0,1.0
1.0,23.579999923706055,11.5,1.0,1.0,5.0,1.0,3.0,1.0,1.0,0.0,0.0,0.0,20.0,16.0,1.0
0.0,21.420000076293945,0.75,1.0,1.0,7.0,4.0,0.75,1.0,1.0,0.0,0.0,0.0,132.0,2.0,1.0
0.0,33.0,2.5,1.0,1.0,9.0,0.0,7.0,1.0,1.0,0.0,0.0,0.0,280.0,0.0,1.0
0.0,26.329999923706055,13.0,0.0,0.0,11.0,6.0,0.0,1.0,1.0,0.0,0.0,0.0,140.0,1110.0,1.0
1.0,45.0,4.585000038146973,0.0,0.0,5.0,1.0,1.0,1.0,1.0,0.0,0.0,2.0,240.0,0.0,1.0
0.0,26.25,1.5399999618530273,0.0,0.0,9.0,0.0,0.125,1.0,1.0,0.0,1.0,0.0,100.0,0.0,1.0
,28.170000076293945,0.5849999785423279,0.0,0.0,12.0,0.0,0.03999999910593033,1.0,1.0,0.0,1.0,0.0,260.0,1004.0,1.0
1.0,20.829999923706055,0.5,1.0,1.0,11.0,6.0,1.0,1.0,1.0,0.0,1.0,0.0,260.0,0.0,1.0
0.0,28.670000076293945,14.5,0.0,0.0,1.0,0.0,0.125,1.0,1.0,0.0,1.0,0.0,0.0,286.0,1.0
0.0,20.670000076293945,0.8349999785423279,1.0,1.0,0.0,0.0,2.0,1.0,1.0,0.0,0.0,2.0,240.0,0.0,1.0
0.0,34.41999816894531,1.3350000381469727,0.0,0.0,3.0,2.0,0.125,1.0,1.0,0.0,0.0,0.0,440.0,4500.0,1.0
0.0,33.58000183105469,0.25,0.0,0.0,3.0,2.0,4.0,1.0,1.0,0.0,0.0,2.0,420.0,0.0,1.0
0.0,43.16999816894531,5.0,0.0,0.0,3.0,2.0,2.25,1.0,1.0,0.0,0.0,0.0,141.0,0.0,1.0
1.0,22.670000076293945,7.0,0.0,0.0,0.0,0.0,0.16500000655651093,1.0,1.0,0.0,1.0,0.0,160.0,0.0,1.0
1.0,24.329999923706055,2.5,1.0,1.0,3.0,2.0,4.5,1.0,1.0,0.0,1.0,0.0,200.0,456.0,1.0
1.0,56.83000183105469,4.25,1.0,1.0,13.0,7.0,5.0,1.0,1.0,0.0,0.0,0.0,0.0,4.0,1.0
0.0,22.079999923706055,11.460000038146973,0.0,0.0,5.0,0.0,1.5850000381469727,1.0,1.0,0.0,0.0,0.0,100.0,1212.0,1.0
0.0,34.0,5.5,1.0,1.0,0.0,0.0,1.5,1.0,1.0,0.0,0.0,0.0,60.0,0.0,1.0
0.0,22.579999923706055,1.5,1.0,1.0,12.0,0.0,0.5400000214576721,1.0,1.0,0.0,0.0,0.0,120.0,67.0,1.0
0.0,21.170000076293945,0.0,0.0,0.0,0.0,0.0,0.5,1.0,1.0,0.0,0.0,2.0,0.0,0.0,1.0
0.0,26.670000076293945,14.585000038146973,0.0,0.0,3.0,2.0,0.0,1.0,1.0,0.0,0.0,0.0,178.0,0.0,1.0
0.0,22.920000076293945,0.17000000178813934,0.0,0.0,6.0,0.0,0.08500000089406967,1.0,1.0,0.0,1.0,2.0,0.0,0.0,1.0
0.0,15.170000076293945,7.0,0.0,0.0,11.0,0.0,1.0,1.0,1.0,0.0,1.0,0.0,600.0,0.0,1.0
0.0,39.91999816894531,5.0,0.0,0.0,3.0,2.0,0.20999999344348907,1.0,1.0,0.0,1.0,0.0,550.0,0.0,1.0
0.0,27.420000076293945,12.5,0.0,0.0,12.0,2.0,0.25,1.0,1.0,0.0,0.0,0.0,720.0,0.0,1.0
0.0,24.75,0.5400000214576721,0.0,0.0,6.0,0.0,1.0,1.0,1.0,0.0,0.0,0.0,120.0,1.0,1.0
0.0,41.16999816894531,1.25,1.0,1.0,9.0,0.0,0.25,1.0,1.0,0.0,1.0,0.0,0.0,195.0,1.0
1.0,33.08000183105469,1.625,0.0,0.0,1.0,0.0,0.5400000214576721,1.0,1.0,0.0,0.0,0.0,0.0,0.0,1.0
0.0,29.829999923706055,2.0399999618530273,1.0,1.0,10.0,1.0,0.03999999910593033,1.0,1.0,0.0,1.0,0.0,128.0,1.0,1.0
1.0,23.579999923706055,0.5849999785423279,1.0,1.0,13.0,7.0,0.125,1.0,1.0,0.0,1.0,0.0,120.0,87.0,1.0
0.0,26.170000076293945,12.5,1.0,1.0,5.0,1.0,1.25,1.0,1.0,0.0,0.0,0.0,0.0,17.0,1.0
0.0,31.0,2.0850000381469727,0.0,0.0,0.0,0.0,0.08500000089406967,1.0,1.0,0.0,1.0,0.0,300.0,0.0,1.0
0.0,20.75,5.085000038146973,1.0,1.0,4.0,0.0,0.28999999165534973,1.0,1.0,0.0,1.0,0.0,140.0,184.0,1.0
0.0,28.920000076293945,0.375,0.0,0.0,0.0,0.0,0.28999999165534973,1.0,1.0,0.0,1.0,0.0,220.0,140.0,1.0
1.0,51.91999816894531,6.5,0.0,0.0,3.0,2.0,3.0850000381469727,1.0,1.0,0.0,0.0,0.0,73.0,0.0,1.0
1.0,22.670000076293945,0.33500000834465027,0.0,0.0,8.0,0.0,0.75,1.0,1.0,0.0,1.0,2.0,160.0,0.0,1.0
0.0,34.0,5.085000038146973,1.0,1.0,3.0,2.0,1.0850000381469727,1.0,1.0,0.0,0.0,0.0,480.0,0.0,1.0
1.0,69.5,6.0,0.0,0.0,13.0,7.0,0.0,1.0,1.0,0.0,1.0,2.0,0.0,0.0,1.0
1.0,40.33000183105469,8.125,1.0,1.0,5.0,0.0,0.16500000655651093,1.0,0.0,2.0,1.0,0.0,,18.0,1.0
1.0,19.579999923706055,0.6650000214576721,1.0,1.0,0.0,0.0,1.0,1.0,0.0,1.0,1.0,0.0,2000.0,2.0,1.0
0.0,16.0,3.125,0.0,0.0,9.0,0.0,0.08500000089406967,1.0,0.0,1.0,1.0,0.0,0.0,6.0,1.0
0.0,17.079999923706055,0.25,0.0,0.0,8.0,0.0,0.33500000834465027,1.0,0.0,4.0,1.0,0.0,160.0,8.0,1.0
0.0,31.25,2.8350000381469727,0.0,0.0,13.0,7.0,0.0,1.0,0.0,5.0,1.0,0.0,176.0,146.0,1.0
0.0,25.170000076293945,3.0,0.0,0.0,0.0,0.0,1.25,1.0,0.0,1.0,1.0,0.0,0.0,22.0,1.0
1.0,22.670000076293945,0.7900000214576721,0.0,0.0,3.0,0.0,0.08500000089406967,1.0,1.0,0.0,1.0,0.0,144.0,0.0,1.0
0.0,40.58000183105469,1.5,0.0,0.0,3.0,2.0,0.0,1.0,1.0,0.0,1.0,2.0,300.0,0.0,1.0
0.0,22.25,0.46000000834465027,0.0,0.0,5.0,0.0,0.125,1.0,1.0,0.0,0.0,0.0,280.0,55.0,1.0
1.0,22.25,1.25,1.0,1.0,13.0,7.0,3.25,1.0,1.0,0.0,1.0,0.0,280.0,0.0,1.0
0.0,22.5,0.125,1.0,1.0,5.0,0.0,0.125,1.0,1.0,0.0,1.0,0.0,200.0,70.0,1.0
0.0,23.579999923706055,1.7899999618530273,0.0,0.0,0.0,0.0,0.5400000214576721,1.0,1.0,0.0,0.0,0.0,136.0,1.0,1.0
0.0,38.41999816894531,0.7049999833106995,0.0,0.0,0.0,0.0,0.375,1.0,0.0,2.0,1.0,0.0,225.0,500.0,1.0
1.0,26.579999923706055,2.5399999618530273,1.0,1.0,13.0,7.0,0.0,1.0,1.0,0.0,0.0,0.0,180.0,60.0,1.0
0.0,35.0,2.5,0.0,0.0,3.0,0.0,1.0,1.0,1.0,0.0,0.0,0.0,210.0,0.0,1.0
0.0,20.420000076293945,1.0850000381469727,0.0,0.0,8.0,0.0,1.5,1.0,1.0,0.0,1.0,0.0,108.0,7.0,1.0
0.0,29.420000076293945,1.25,0.0,0.0,9.0,0.0,1.75,1.0,1.0,0.0,1.0,0.0,200.0,0.0,1.0
0.0,26.170000076293945,0.8349999785423279,0.0,0.0,2.0,0.0,1.1649999618530273,1.0,1.0,0.0,1.0,0.0,100.0,0.0,1.0
0.0,33.66999816894531,2.1649999618530273,0.0,0.0,0.0,0.0,1.5,1.0,1.0,0.0,1.0,1.0,120.0,0.0,1.0
0.0,24.579999923706055,1.25,0.0,0.0,0.0,0.0,0.25,1.0,1.0,0.0,1.0,0.0,110.0,0.0,1.0
1.0,27.670000076293945,2.0399999618530273,0.0,0.0,9.0,0.0,0.25,1.0,1.0,0.0,0.0,0.0,180.0,50.0,1.0
0.0,37.5,0.8349999785423279,0.0,0.0,11.0,0.0,0.03999999910593033,1.0,1.0,0.0,1.0,0.0,120.0,5.0,1.0
0.0,49.16999816894531,2.2899999618530273,0.0,0.0,13.0,7.0,0.28999999165534973,1.0,1.0,0.0,1.0,0.0,200.0,3.0,1.0
0.0,33.58000183105469,0.33500000834465027,1.0,1.0,2.0,0.0,0.08500000089406967,1.0,1.0,0.0,1.0,0.0,180.0,0.0,1.0
0.0,51.83000183105469,3.0,1.0,1.0,13.0,7.0,1.5,1.0,1.0,0.0,1.0,0.0,180.0,4.0,1.0
0.0,22.920000076293945,3.1649999618530273,1.0,1.0,0.0,0.0,0.16500000655651093,1.0,1.0,0.0,1.0,0.0,160.0,1058.0,1.0
0.0,21.829999923706055,1.5399999618530273,0.0,0.0,5.0,0.0,0.08500000089406967,1.0,1.0,0.0,0.0,0.0,356.0,0.0,1.0
0.0,25.25,1.0,0.0,0.0,12.0,0.0,0.5,1.0,1.0,0.0,1.0,0.0,200.0,0.0,1.0
0.0,58.58000183105469,2.7100000381469727,0.0,0.0,0.0,0.0,2.4149999618530273,1.0,1.0,0.0,0.0,0.0,320.0,0.0,1.0
0.0,19.0,0.0,1.0,1.0,13.0,7.0,0.0,1.0,0.0,4.0,1.0,0.0,45.0,1.0,1.0
0.0,19.579999923706055,0.5849999785423279,0.0,0.0,13.0,7.0,0.0,1.0,0.0,3.0,1.0,0.0,350.0,769.0,1.0
1.0,53.33000183105469,0.16500000655651093,0.0,0.0,13.0,7.0,0.0,1.0,1.0,0.0,0.0,2.0,62.0,27.0,1.0
1.0,27.170000076293945,1.25,0.0,0.0,13.0,7.0,0.0,1.0,0.0,1.0,1.0,0.0,92.0,300.0,1.0
0.0,25.920000076293945,0.875,0.0,0.0,5.0,0.0,0.375,1.0,0.0,2.0,0.0,0.0,174.0,3.0,1.0
0.0,23.079999923706055,0.0,0.0,0.0,5.0,0.0,1.0,1.0,0.0,11.0,1.0,2.0,0.0,0.0,1.0
0.0,39.58000183105469,5.0,0.0,0.0,13.0,7.0,0.0,1.0,0.0,2.0,1.0,0.0,17.0,1.0,1.0
0.0,30.579999923706055,2.7100000381469727,1.0,1.0,6.0,0.0,0.125,1.0,1.0,0.0,0.0,2.0,80.0,0.0,1.0
0.0,17.25,3.0,0.0,0.0,5.0,0.0,0.03999999910593033,1.0,1.0,0.0,0.0,0.0,160.0,40.0,1.0
1.0,17.670000076293945,0.0,1.0,1.0,4.0,7.0,0.0,1.0,1.0,0.0,1.0,0.0,86.0,0.0,1.0
1.0,,11.25,0.0,0.0,13.0,7.0,0.0,1.0,1.0,0.0,1.0,0.0,,5200.0,1.0
0.0,16.5,0.125,0.0,0.0,0.0,0.0,0.16500000655651093,1.0,1.0,0.0,1.0,0.0,132.0,0.0,1.0
1.0,27.329999923706055,1.6649999618530273,0.0,0.0,13.0,7.0,0.0,1.0,1.0,0.0,1.0,0.0,340.0,1.0,1.0
0.0,31.25,1.125,0.0,0.0,13.0,7.0,0.0,1.0,0.0,1.0,1.0,0.0,96.0,19.0,1.0
0.0,20.0,7.0,0.0,0.0,0.0,0.0,0.5,1.0,1.0,0.0,1.0,0.0,0.0,0.0,1.0
0.0,,3.0,1.0,1.0,3.0,2.0,7.0,1.0,1.0,0.0,1.0,0.0,0.0,1.0,1.0
0.0,39.5,1.625,0.0,0.0,0.0,0.0,1.5,1.0,1.0,0.0,1.0,0.0,0.0,316.0,1.0
0.0,36.5,4.25,0.0,0.0,8.0,0.0,3.5,1.0,1.0,0.0,1.0,0.0,454.0,50.0,1.0
,29.75,0.6650000214576721,0.0,0.0,9.0,0.0,0.25,1.0,1.0,0.0,0.0,0.0,300.0,0.0,1.0
0.0,52.41999816894531,1.5,0.0,0.0,1.0,0.0,3.75,1.0,1.0,0.0,0.0,0.0,0.0,350.0,1.0
0.0,36.16999816894531,18.125,0.0,0.0,9.0,0.0,0.08500000089406967,1.0,1.0,0.0,1.0,0.0,320.0,3552.0,1.0
0.0,34.58000183105469,0.0,,,,,0.0,1.0,1.0,0.0,1.0,1.0,,0.0,1.0
0.0,29.670000076293945,0.75,1.0,1.0,0.0,0.0,0.03999999910593033,1.0,1.0,0.0,1.0,0.0,240.0,0.0,1.0
0.0,36.16999816894531,5.5,0.0,0.0,3.0,2.0,5.0,1.0,1.0,0.0,1.0,0.0,210.0,687.0,1.0
0.0,25.670000076293945,0.28999999165534973,1.0,1.0,0.0,0.0,1.5,1.0,1.0,0.0,0.0,0.0,160.0,0.0,1.0
1.0,24.5,2.4149999618530273,1.0,1.0,0.0,0.0,0.0,1.0,1.0,0.0,1.0,0.0,120.0,0.0,1.0
0.0,24.079999923706055,0.875,0.0,0.0,6.0,0.0,0.08500000089406967,1.0,0.0,4.0,1.0,0.0,254.0,1950.0,1.0
0.0,21.920000076293945,0.5,0.0,0.0,0.0,0.0,0.125,1.0,1.0,0.0,1.0,0.0,360.0,0.0,1.0
1.0,36.58000183105469,0.28999999165534973,0.0,0.0,13.0,7.0,0.0,1.0,0.0,10.0,1.0,0.0,200.0,18.0,1.0
1.0,23.0,1.8350000381469727,0.0,0.0,4.0,3.0,0.0,1.0,0.0,1.0,1.0,0.0,200.0,53.0,1.0
1.0,27.579999923706055,3.0,0.0,0.0,6.0,0.0,2.7899999618530273,1.0,0.0,1.0,0.0,0.0,280.0,10.0,1.0
0.0,31.079999923706055,3.0850000381469727,0.0,0.0,0.0,0.0,2.5,1.0,0.0,2.0,0.0,0.0,160.0,41.0,1.0
1.0,30.420000076293945,1.375,0.0,0.0,9.0,1.0,0.03999999910593033,1.0,0.0,3.0,1.0,0.0,0.0,33.0,1.0
0.0,22.079999923706055,2.3350000381469727,0.0,0.0,5.0,0.0,0.75,1.0,1.0,0.0,1.0,0.0,180.0,0.0,1.0
0.0,16.329999923706055,4.085000038146973,0.0,0.0,3.0,1.0,0.41499999165534973,1.0,1.0,0.0,0.0,0.0,120.0,0.0,1.0
1.0,21.920000076293945,11.664999961853027,0.0,0.0,5.0,1.0,0.08500000089406967,1.0,1.0,0.0,1.0,0.0,320.0,5.0,1.0
0.0,21.079999923706055,4.125,1.0,1.0,3.0,1.0,0.03999999910593033,1.0,1.0,0.0,1.0,0.0,140.0,100.0,1.0
0.0,17.420000076293945,6.5,0.0,0.0,3.0,0.0,0.125,1.0,1.0,0.0,1.0,0.0,60.0,100.0,1.0
0.0,19.170000076293945,4.0,1.0,1.0,3.0,0.0,1.0,1.0,1.0,0.0,0.0,0.0,360.0,1000.0,1.0
0.0,20.670000076293945,0.41499999165534973,0.0,0.0,0.0,0.0,0.125,1.0,1.0,0.0,1.0,0.0,0.0,44.0,1.0
0.0,26.75,2.0,0.0,0.0,1.0,0.0,0.75,1.0,1.0,0.0,0.0,0.0,80.0,0.0,1.0
0.0,23.579999923706055,0.8349999785423279,0.0,0.0,3.0,1.0,0.08500000089406967,1.0,1.0,0.0,0.0,0.0,220.0,5.0,1.0
0.0,39.16999816894531,2.5,1.0,1.0,3.0,1.0,10.0,1.0,1.0,0.0,0.0,2.0,200.0,0.0,1.0
0.0,22.75,11.5,0.0,0.0,3.0,0.0,0.41499999165534973,1.0,1.0,0.0,1.0,0.0,0.0,0.0,1.0
,26.5,2.7100000381469727,1.0,1.0,,,0.08500000089406967,1.0,1.0,0.0,1.0,2.0,80.0,0.0,1.0
1.0,16.920000076293945,0.5,0.0,0.0,3.0,0.0,0.16500000655651093,1.0,0.0,6.0,0.0,0.0,240.0,35.0,1.0
0.0,23.5,3.1649999618530273,1.0,1.0,5.0,0.0,0.41499999165534973,1.0,0.0,1.0,0.0,0.0,280.0,80.0,1.0
1.0,17.329999923706055,9.5,0.0,0.0,12.0,0.0,1.75,1.0,0.0,10.0,0.0,0.0,0.0,10.0,1.0
0.0,23.75,0.41499999165534973,1.0,1.0,0.0,0.0,0.03999999910593033,1.0,0.0,2.0,1.0,0.0,128.0,6.0,1.0
0.0,34.66999816894531,1.0800000429153442,0.0,0.0,6.0,0.0,1.1649999618530273,1.0,1.0,0.0,1.0,2.0,28.0,0.0,1.0
0.0,74.83000183105469,19.0,1.0,1.0,13.0,7.0,0.03999999910593033,1.0,0.0,2.0,1.0,0.0,0.0,351.0,1.0
0.0,28.170000076293945,0.125,1.0,1.0,5.0,0.0,0.08500000089406967,1.0,1.0,0.0,1.0,0.0,216.0,2100.0,1.0
0.0,24.5,13.335000038146973,1.0,1.0,12.0,0.0,0.03999999910593033,1.0,1.0,0.0,0.0,0.0,120.0,475.0,1.0
0.0,18.829999923706055,3.5399999618530273,1.0,1.0,13.0,7.0,0.0,1.0,1.0,0.0,0.0,0.0,180.0,1.0,1.0
,45.33000183105469,1.0,0.0,0.0,8.0,0.0,0.125,1.0,1.0,0.0,0.0,0.0,263.0,0.0,1.0
1.0,47.25,0.75,0.0,0.0,8.0,1.0,2.75,0.0,0.0,1.0,1.0,0.0,333.0,892.0,0.0
0.0,24.170000076293945,0.875,0.0,0.0,8.0,0.0,4.625,0.0,0.0,2.0,0.0,0.0,520.0,2000.0,0.0
0.0,39.25,9.5,0.0,0.0,6.0,0.0,6.5,0.0,0.0,14.0,1.0,0.0,240.0,4607.0,0.0
1.0,20.5,11.835000038146973,0.0,0.0,0.0,1.0,6.0,0.0,1.0,0.0,1.0,0.0,340.0,0.0,0.0
1.0,18.829999923706055,4.414999961853027,1.0,1.0,0.0,1.0,3.0,0.0,1.0,0.0,1.0,0.0,240.0,0.0,0.0
0.0,19.170000076293945,9.5,0.0,0.0,9.0,0.0,1.5,0.0,1.0,0.0,1.0,0.0,120.0,2206.0,0.0
1.0,25.0,0.875,0.0,0.0,10.0,1.0,1.0399999618530273,0.0,1.0,0.0,0.0,0.0,160.0,5860.0,0.0
0.0,20.170000076293945,9.25,0.0,0.0,0.0,0.0,1.6649999618530273,0.0,0.0,3.0,0.0,0.0,40.0,28.0,0.0
0.0,25.75,0.5,0.0,0.0,0.0,0.0,1.4600000381469727,0.0,0.0,5.0,0.0,0.0,312.0,0.0,0.0
0.0,20.420000076293945,7.0,0.0,0.0,0.0,0.0,1.625,0.0,0.0,3.0,1.0,0.0,200.0,1391.0,0.0
0.0,,4.0,0.0,0.0,10.0,0.0,5.0,0.0,0.0,3.0,0.0,0.0,290.0,2279.0,0.0
0.0,39.0,5.0,0.0,0.0,2.0,0.0,3.5,0.0,0.0,10.0,0.0,0.0,0.0,0.0,0.0
1.0,64.08000183105469,0.16500000655651093,0.0,0.0,13.0,7.0,0.0,0.0,0.0,1.0,1.0,0.0,232.0,100.0,0.0
0.0,28.25,5.125,0.0,0.0,10.0,0.0,4.75,0.0,0.0,2.0,1.0,0.0,420.0,7.0,0.0
1.0,28.75,3.75,0.0,0.0,0.0,0.0,1.0850000381469727,0.0,0.0,1.0,0.0,0.0,371.0,0.0,0.0
0.0,31.329999923706055,19.5,0.0,0.0,0.0,0.0,7.0,0.0,0.0,16.0,1.0,0.0,0.0,5000.0,0.0
1.0,18.920000076293945,9.0,0.0,0.0,12.0,0.0,0.75,0.0,0.0,2.0,1.0,0.0,88.0,591.0,0.0
1.0,24.75,3.0,0.0,0.0,8.0,1.0,1.8350000381469727,0.0,0.0,19.0,1.0,0.0,0.0,500.0,0.0
1.0,30.670000076293945,12.0,0.0,0.0,0.0,0.0,2.0,0.0,0.0,1.0,1.0,0.0,220.0,19.0,0.0
0.0,21.0,4.789999961853027,1.0,1.0,9.0,0.0,2.25,0.0,0.0,1.0,0.0,0.0,80.0,300.0,0.0
0.0,13.75,4.0,1.0,1.0,9.0,0.0,1.75,0.0,0.0,2.0,0.0,0.0,120.0,1000.0,0.0
1.0,46.0,4.0,0.0,0.0,4.0,3.0,0.0,0.0,1.0,0.0,1.0,0.0,100.0,960.0,0.0
1.0,44.33000183105469,0.0,0.0,0.0,0.0,0.0,2.5,0.0,1.0,0.0,1.0,0.0,0.0,0.0,0.0
0.0,20.25,9.960000038146973,0.0,0.0,11.0,6.0,0.0,0.0,1.0,0.0,1.0,0.0,0.0,0.0,0.0
0.0,22.670000076293945,2.5399999618530273,1.0,1.0,0.0,1.0,2.5850000381469727,0.0,1.0,0.0,1.0,0.0,0.0,0.0,0.0
0.0,,10.5,0.0,0.0,10.0,0.0,6.5,0.0,1.0,0.0,1.0,0.0,0.0,0.0,0.0
1.0,60.91999816894531,5.0,0.0,0.0,12.0,0.0,4.0,0.0,0.0,4.0,1.0,0.0,0.0,99.0,0.0
0.0,16.079999923706055,0.75,0.0,0.0,0.0,0.0,1.75,0.0,0.0,5.0,0.0,0.0,352.0,690.0,0.0
1.0,28.170000076293945,0.375,0.0,0.0,8.0,0.0,0.5849999785423279,0.0,0.0,4.0,1.0,0.0,80.0,0.0,0.0
0.0,39.16999816894531,1.7100000381469727,0.0,0.0,10.0,0.0,0.125,0.0,0.0,5.0,0.0,0.0,480.0,0.0,0.0
,20.420000076293945,7.5,0.0,0.0,5.0,0.0,1.5,0.0,0.0,1.0,1.0,0.0,160.0,234.0,0.0
1.0,30.0,5.289999961853027,0.0,0.0,11.0,6.0,2.25,0.0,0.0,5.0,0.0,0.0,99.0,500.0,0.0
0.0,22.829999923706055,3.0,0.0,0.0,6.0,0.0,1.2899999618530273,0.0,0.0,1.0,1.0,0.0,260.0,800.0,0.0
1.0,22.5,8.5,0.0,0.0,8.0,0.0,1.75,0.0,0.0,10.0,1.0,0.0,80.0,990.0,1.0
1.0,28.579999923706055,1.6649999618530273,0.0,0.0,8.0,0.0,2.4149999618530273,0.0,1.0,0.0,0.0,0.0,440.0,0.0,1.0
0.0,45.16999816894531,1.5,0.0,0.0,0.0,0.0,2.5,0.0,1.0,0.0,0.0,0.0,140.0,0.0,1.0
0.0,41.58000183105469,1.75,0.0,0.0,5.0,0.0,0.20999999344348907,0.0,1.0,0.0,1.0,0.0,160.0,0.0,1.0
1.0,57.08000183105469,0.33500000834465027,0.0,0.0,3.0,2.0,1.0,0.0,1.0,0.0,0.0,0.0,252.0,2197.0,1.0
1.0,55.75,7.079999923706055,0.0,0.0,5.0,1.0,6.75,0.0,0.0,3.0,0.0,0.0,100.0,50.0,1.0
0.0,43.25,25.209999084472656,0.0,0.0,8.0,1.0,0.20999999344348907,0.0,0.0,1.0,1.0,0.0,760.0,90.0,1.0
1.0,25.329999923706055,2.0850000381469727,0.0,0.0,0.0,1.0,2.75,0.0,1.0,0.0,0.0,0.0,360.0,1.0,1.0
1.0,24.579999923706055,0.6700000166893005,0.0,0.0,12.0,1.0,1.75,0.0,1.0,0.0,1.0,0.0,400.0,0.0,1.0
0.0,43.16999816894531,2.25,0.0,0.0,3.0,2.0,0.75,0.0,1.0,0.0,1.0,0.0,560.0,0.0,1.0
0.0,40.91999816894531,0.8349999785423279,0.0,0.0,13.0,7.0,0.0,0.0,1.0,0.0,1.0,0.0,130.0,1.0,1.0
0.0,31.829999923706055,2.5,0.0,0.0,12.0,0.0,7.5,0.0,1.0,0.0,0.0,0.0,523.0,0.0,1.0
1.0,33.91999816894531,1.5850000381469727,1.0,1.0,13.0,7.0,0.0,0.0,1.0,0.0,1.0,0.0,320.0,0.0,1.0
1.0,24.920000076293945,1.25,0.0,0.0,13.0,7.0,0.0,0.0,1.0,0.0,1.0,0.0,80.0,0.0,1.0
0.0,35.25,3.1649999618530273,0.0,0.0,10.0,1.0,3.75,0.0,1.0,0.0,0.0,0.0,680.0,0.0,1.0
0.0,34.25,1.75,0.0,0.0,9.0,2.0,0.25,0.0,1.0,0.0,0.0,0.0,163.0,0.0,1.0
0.0,80.25,5.5,0.0,0.0,,,0.5400000214576721,0.0,1.0,0.0,1.0,0.0,0.0,340.0,1.0
0.0,19.420000076293945,1.5,1.0,1.0,2.0,0.0,2.0,0.0,1.0,0.0,0.0,0.0,100.0,20.0,1.0
0.0,42.75,3.0,0.0,0.0,3.0,2.0,1.0,0.0,1.0,0.0,1.0,0.0,0.0,200.0,1.0
0.0,19.670000076293945,10.0,1.0,1.0,5.0,1.0,0.8349999785423279,0.0,1.0,0.0,0.0,0.0,140.0,0.0,1.0
0.0,36.33000183105469,3.7899999618530273,0.0,0.0,9.0,0.0,1.1649999618530273,0.0,1.0,0.0,0.0,0.0,200.0,0.0,1.0
0.0,30.079999923706055,1.0399999618530273,1.0,1.0,3.0,2.0,0.5,0.0,0.0,10.0,0.0,0.0,132.0,28.0,1.0
0.0,44.25,11.0,1.0,1.0,1.0,0.0,1.5,0.0,1.0,0.0,1.0,2.0,0.0,0.0,1.0
0.0,23.579999923706055,0.46000000834465027,1.0,1.0,9.0,0.0,2.625,0.0,0.0,6.0,0.0,0.0,208.0,347.0,1.0
0.0,23.920000076293945,1.5,0.0,0.0,1.0,1.0,1.875,0.0,0.0,6.0,1.0,0.0,200.0,327.0,0.0
0.0,33.16999816894531,1.0,0.0,0.0,10.0,0.0,0.75,0.0,0.0,7.0,0.0,0.0,340.0,4071.0,0.0
0.0,48.33000183105469,12.0,0.0,0.0,6.0,0.0,16.0,0.0,1.0,0.0,1.0,2.0,110.0,0.0,0.0
0.0,76.75,22.290000915527344,0.0,0.0,11.0,5.0,12.75,0.0,0.0,1.0,0.0,0.0,0.0,109.0,0.0
0.0,51.33000183105469,10.0,0.0,0.0,3.0,2.0,0.0,0.0,0.0,11.0,1.0,0.0,0.0,1249.0,0.0
0.0,34.75,15.0,0.0,0.0,7.0,4.0,5.375,0.0,0.0,9.0,0.0,0.0,0.0,134.0,0.0
0.0,38.58000183105469,3.3350000381469727,0.0,0.0,9.0,0.0,4.0,0.0,0.0,14.0,1.0,0.0,383.0,1344.0,0.0
1.0,22.420000076293945,11.25,1.0,1.0,10.0,1.0,0.75,0.0,0.0,4.0,1.0,0.0,0.0,321.0,0.0
0.0,41.91999816894531,0.41999998688697815,0.0,0.0,0.0,1.0,0.20999999344348907,0.0,0.0,6.0,1.0,0.0,220.0,948.0,0.0
0.0,29.579999923706055,4.5,0.0,0.0,9.0,0.0,7.5,0.0,0.0,2.0,0.0,0.0,330.0,0.0,0.0
1.0,32.16999816894531,1.4600000381469727,0.0,0.0,9.0,0.0,1.0850000381469727,0.0,0.0,16.0,1.0,0.0,120.0,2079.0,0.0
0.0,51.41999816894531,0.03999999910593033,0.0,0.0,10.0,1.0,0.03999999910593033,0.0,1.0,0.0,1.0,0.0,0.0,3000.0,0.0
1.0,22.829999923706055,2.2899999618530273,0.0,0.0,8.0,1.0,2.2899999618530273,0.0,0.0,7.0,0.0,0.0,140.0,2384.0,0.0
1.0,25.0,12.329999923706055,0.0,0.0,2.0,1.0,3.5,0.0,0.0,6.0,1.0,0.0,400.0,458.0,0.0
0.0,26.75,1.125,0.0,0.0,10.0,1.0,1.25,0.0,1.0,0.0,1.0,0.0,0.0,5298.0,0.0
0.0,23.329999923706055,1.5,0.0,0.0,0.0,1.0,1.4149999618530273,0.0,1.0,0.0,1.0,0.0,422.0,200.0,0.0
0.0,24.420000076293945,12.335000038146973,0.0,0.0,8.0,1.0,1.5850000381469727,0.0,1.0,0.0,0.0,0.0,120.0,0.0,0.0
0.0,42.16999816894531,5.039999961853027,0.0,0.0,8.0,1.0,12.75,0.0,1.0,0.0,0.0,0.0,92.0,0.0,0.0
1.0,20.829999923706055,3.0,0.0,0.0,12.0,0.0,0.03999999910593033,0.0,1.0,0.0,1.0,0.0,100.0,0.0,0.0
0.0,23.079999923706055,11.5,0.0,0.0,9.0,1.0,2.125,0.0,0.0,11.0,0.0,0.0,290.0,284.0,0.0
1.0,25.170000076293945,2.875,0.0,0.0,10.0,1.0,0.875,0.0,1.0,0.0,1.0,0.0,360.0,0.0,0.0
0.0,43.08000183105469,0.375,1.0,1.0,0.0,0.0,0.375,0.0,0.0,8.0,0.0,0.0,300.0,162.0,0.0
1.0,35.75,0.9150000214576721,0.0,0.0,12.0,0.0,0.75,0.0,0.0,4.0,1.0,0.0,0.0,1583.0,0.0
0.0,59.5,2.75,0.0,0.0,9.0,0.0,1.75,0.0,0.0,5.0,0.0,0.0,60.0,58.0,0.0
0.0,21.0,3.0,1.0,1.0,1.0,0.0,1.0850000381469727,0.0,0.0,8.0,0.0,0.0,160.0,1.0,0.0
0.0,21.920000076293945,0.5400000214576721,1.0,1.0,10.0,0.0,0.03999999910593033,0.0,0.0,1.0,0.0,0.0,840.0,59.0,0.0
1.0,65.16999816894531,14.0,0.0,0.0,13.0,7.0,0.0,0.0,0.0,11.0,0.0,0.0,0.0,1400.0,0.0
1.0,20.329999923706055,10.0,0.0,0.0,0.0,1.0,1.0,0.0,0.0,4.0,1.0,0.0,50.0,1465.0,0.0
0.0,32.25,0.16500000655651093,1.0,1.0,0.0,1.0,3.25,0.0,0.0,1.0,0.0,0.0,432.0,8000.0,0.0
0.0,30.170000076293945,0.5,0.0,0.0,0.0,0.0,1.75,0.0,0.0,11.0,1.0,0.0,32.0,540.0,0.0
0.0,25.170000076293945,6.0,0.0,0.0,0.0,0.0,1.0,0.0,0.0,3.0,1.0,0.0,0.0,0.0,0.0
0.0,39.16999816894531,1.625,0.0,0.0,0.0,0.0,1.5,0.0,0.0,10.0,1.0,0.0,186.0,4700.0,0.0
0.0,39.08000183105469,6.0,0.0,0.0,6.0,0.0,1.2899999618530273,0.0,0.0,5.0,0.0,0.0,108.0,1097.0,0.0
0.0,31.670000076293945,0.8299999833106995,0.0,0.0,10.0,0.0,1.3350000381469727,0.0,0.0,8.0,0.0,0.0,303.0,3290.0,0.0
0.0,41.0,0.03999999910593033,0.0,0.0,11.0,0.0,0.03999999910593033,1.0,0.0,1.0,1.0,2.0,560.0,0.0,0.0
0.0,48.5,4.25,0.0,0.0,6.0,0.0,0.125,0.0,1.0,0.0,0.0,0.0,225.0,0.0,0.0
0.0,32.66999816894531,9.0,1.0,1.0,9.0,1.0,5.25,0.0,1.0,0.0,0.0,0.0,154.0,0.0,0.0
1.0,28.079999923706055,15.0,1.0,1.0,11.0,5.0,0.0,0.0,1.0,0.0,1.0,0.0,0.0,13212.0,0.0
0.0,73.41999816894531,17.75,0.0,0.0,13.0,7.0,0.0,0.0,1.0,0.0,0.0,0.0,0.0,0.0,0.0
0.0,64.08000183105469,20.0,0.0,0.0,10.0,1.0,17.5,0.0,0.0,9.0,0.0,0.0,0.0,1000.0,0.0
0.0,51.58000183105469,15.0,0.0,0.0,0.0,0.0,8.5,0.0,0.0,9.0,1.0,0.0,0.0,0.0,0.0
0.0,26.670000076293945,1.75,1.0,1.0,0.0,0.0,1.0,0.0,0.0,5.0,0.0,0.0,160.0,5777.0,0.0
0.0,25.329999923706055,0.5799999833106995,0.0,0.0,0.0,0.0,0.28999999165534973,0.0,0.0,7.0,0.0,0.0,96.0,5124.0,0.0
0.0,30.170000076293945,6.5,0.0,0.0,2.0,0.0,3.125,0.0,0.0,8.0,1.0,0.0,330.0,1200.0,0.0
0.0,27.0,0.75,0.0,0.0,0.0,1.0,4.25,0.0,0.0,3.0,0.0,0.0,312.0,150.0,0.0
0.0,23.170000076293945,0.0,,,,,0.0,1.0,1.0,0.0,1.0,1.0,,0.0,0.0
0.0,34.16999816894531,5.25,0.0,0.0,9.0,0.0,0.08500000089406967,1.0,1.0,0.0,0.0,0.0,290.0,6.0,0.0
0.0,38.66999816894531,0.20999999344348907,0.0,0.0,5.0,0.0,0.08500000089406967,0.0,1.0,0.0,0.0,0.0,280.0,0.0,0.0
0.0,25.75,0.75,0.0,0.0,0.0,2.0,0.25,0.0,1.0,0.0,1.0,0.0,349.0,23.0,0.0
1.0,46.08000183105469,3.0,0.0,0.0,0.0,0.0,2.375,0.0,0.0,8.0,0.0,0.0,396.0,4159.0,0.0
1.0,21.5,6.0,0.0,0.0,12.0,0.0,2.5,0.0,0.0,3.0,1.0,0.0,80.0,918.0,0.0
,20.079999923706055,0.125,0.0,0.0,8.0,0.0,1.0,1.0,0.0,1.0,1.0,0.0,240.0,768.0,0.0
0.0,20.5,2.4149999618530273,0.0,0.0,0.0,0.0,2.0,0.0,0.0,11.0,0.0,0.0,200.0,3000.0,0.0
1.0,29.5,0.46000000834465027,0.0,0.0,5.0,0.0,0.5400000214576721,0.0,0.0,4.0,1.0,0.0,380.0,500.0,0.0
,42.25,1.75,1.0,1.0,,,0.0,1.0,1.0,0.0,0.0,0.0,150.0,1.0,1.0
0.0,29.829999923706055,1.25,1.0,1.0,5.0,0.0,0.25,1.0,1.0,0.0,1.0,0.0,224.0,0.0,1.0
0.0,20.079999923706055,0.25,0.0,0.0,8.0,0.0,0.125,1.0,1.0,0.0,1.0,0.0,200.0,0.0,1.0
0.0,23.420000076293945,0.5849999785423279,0.0,0.0,0.0,1.0,0.08500000089406967,0.0,1.0,0.0,1.0,0.0,180.0,0.0,1.0
1.0,29.579999923706055,1.75,1.0,1.0,5.0,0.0,1.25,1.0,1.0,0.0,0.0,0.0,280.0,0.0,1.0
0.0,16.170000076293945,0.03999999910593033,0.0,0.0,0.0,0.0,0.03999999910593033,1.0,1.0,0.0,1.0,0.0,0.0,0.0,0.0
0.0,32.33000183105469,3.5,0.0,0.0,5.0,0.0,0.5,1.0,1.0,0.0,0.0,0.0,232.0,0.0,1.0
0.0,,0.03999999910593033,1.0,1.0,1.0,0.0,4.25,1.0,1.0,0.0,0.0,0.0,460.0,0.0,1.0
0.0,47.83000183105469,4.164999961853027,0.0,0.0,10.0,2.0,0.08500000089406967,1.0,1.0,0.0,0.0,0.0,520.0,0.0,1.0
0.0,20.0,1.25,1.0,1.0,5.0,0.0,0.125,1.0,1.0,0.0,1.0,0.0,140.0,4.0,1.0
0.0,27.579999923706055,3.25,1.0,1.0,8.0,1.0,5.085000038146973,1.0,0.0,2.0,0.0,0.0,369.0,1.0,1.0
0.0,22.0,0.7900000214576721,0.0,0.0,9.0,0.0,0.28999999165534973,1.0,0.0,1.0,1.0,0.0,420.0,283.0,1.0
0.0,19.329999923706055,10.914999961853027,0.0,0.0,0.0,2.0,0.5849999785423279,1.0,0.0,2.0,0.0,0.0,200.0,7.0,1.0
1.0,38.33000183105469,4.414999961853027,0.0,0.0,0.0,0.0,0.125,1.0,1.0,0.0,1.0,0.0,160.0,0.0,1.0
0.0,29.420000076293945,1.25,0.0,0.0,0.0,1.0,0.25,1.0,0.0,2.0,0.0,0.0,400.0,108.0,1.0
0.0,22.670000076293945,0.75,0.0,0.0,3.0,0.0,1.5850000381469727,1.0,0.0,1.0,0.0,0.0,400.0,9.0,1.0
0.0,32.25,14.0,1.0,1.0,13.0,7.0,0.0,1.0,0.0,2.0,1.0,0.0,160.0,1.0,1.0
0.0,29.579999923706055,4.75,0.0,0.0,6.0,0.0,2.0,1.0,0.0,1.0,0.0,0.0,460.0,68.0,1.0
0.0,18.420000076293945,10.414999961853027,1.0,1.0,12.0,0.0,0.125,0.0,1.0,0.0,1.0,0.0,120.0,375.0,1.0
0.0,22.170000076293945,2.25,0.0,0.0,3.0,0.0,0.125,1.0,1.0,0.0,1.0,0.0,160.0,10.0,1.0
0.0,22.670000076293945,0.16500000655651093,0.0,0.0,0.0,3.0,2.25,1.0,1.0,0.0,0.0,2.0,0.0,0.0,0.0
1.0,25.579999923706055,0.0,,,,,0.0,1.0,1.0,0.0,1.0,1.0,,0.0,0.0
0.0,18.829999923706055,0.0,0.0,0.0,8.0,0.0,0.6650000214576721,1.0,1.0,0.0,1.0,0.0,160.0,1.0,1.0
0.0,21.579999923706055,0.7900000214576721,1.0,1.0,2.0,0.0,0.6650000214576721,1.0,1.0,0.0,1.0,0.0,160.0,0.0,1.0
0.0,23.75,12.0,0.0,0.0,0.0,0.0,2.0850000381469727,1.0,1.0,0.0,1.0,2.0,80.0,0.0,1.0
0.0,22.0,7.835000038146973,1.0,1.0,3.0,2.0,0.16500000655651093,1.0,1.0,0.0,0.0,0.0,,0.0,1.0
0.0,36.08000183105469,2.5399999618530273,0.0,0.0,13.0,7.0,0.0,1.0,1.0,0.0,1.0,0.0,0.0,1000.0,1.0
0.0,29.25,13.0,0.0,0.0,1.0,1.0,0.5,1.0,1.0,0.0,1.0,0.0,228.0,0.0,1.0
1.0,19.579999923706055,0.6650000214576721,0.0,0.0,9.0,0.0,1.6649999618530273,1.0,1.0,0.0,1.0,0.0,220.0,5.0,1.0
1.0,22.920000076293945,1.25,0.0,0.0,8.0,0.0,0.25,1.0,1.0,0.0,0.0,0.0,120.0,809.0,1.0
1.0,27.25,0.28999999165534973,0.0,0.0,6.0,1.0,0.125,1.0,0.0,1.0,0.0,0.0,272.0,108.0,1.0
1.0,38.75,1.5,0.0,0.0,13.0,7.0,0.0,1.0,1.0,0.0,1.0,0.0,76.0,0.0,1.0
0.0,32.41999816894531,2.1649999618530273,1.0,1.0,5.0,7.0,0.0,1.0,1.0,0.0,1.0,0.0,120.0,0.0,1.0
1.0,23.75,0.7099999785423279,0.0,0.0,9.0,0.0,0.25,1.0,0.0,1.0,0.0,0.0,240.0,4.0,1.0
0.0,18.170000076293945,2.4600000381469727,0.0,0.0,0.0,4.0,0.9599999785423279,1.0,0.0,2.0,0.0,0.0,160.0,587.0,1.0
0.0,40.91999816894531,0.5,1.0,1.0,6.0,0.0,0.5,1.0,1.0,0.0,0.0,0.0,130.0,0.0,1.0
0.0,19.5,9.585000038146973,0.0,0.0,12.0,0.0,0.7900000214576721,1.0,1.0,0.0,1.0,0.0,80.0,350.0,1.0
0.0,28.579999923706055,3.625,0.0,0.0,12.0,0.0,0.25,1.0,1.0,0.0,0.0,0.0,100.0,0.0,1.0
0.0,35.58000183105469,0.75,0.0,0.0,5.0,0.0,1.5,1.0,1.0,0.0,0.0,0.0,231.0,0.0,1.0
0.0,34.16999816894531,2.75,0.0,0.0,3.0,2.0,2.5,1.0,1.0,0.0,0.0,0.0,232.0,200.0,1.0
,33.16999816894531,2.25,1.0,1.0,2.0,0.0,3.5,1.0,1.0,0.0,0.0,0.0,200.0,141.0,1.0
0.0,31.579999923706055,0.75,1.0,1.0,12.0,0.0,3.5,1.0,1.0,0.0,0.0,0.0,320.0,0.0,1.0
1.0,52.5,7.0,0.0,0.0,12.0,1.0,3.0,1.0,1.0,0.0,1.0,0.0,0.0,0.0,1.0
0.0,36.16999816894531,0.41999998688697815,1.0,1.0,9.0,0.0,0.28999999165534973,1.0,1.0,0.0,0.0,0.0,309.0,2.0,1.0
0.0,37.33000183105469,2.6649999618530273,0.0,0.0,2.0,0.0,0.16500000655651093,1.0,1.0,0.0,0.0,0.0,0.0,501.0,1.0
1.0,20.829999923706055,8.5,0.0,0.0,0.0,0.0,0.16500000655651093,1.0,1.0,0.0,1.0,0.0,0.0,351.0,1.0
0.0,24.079999923706055,9.0,0.0,0.0,12.0,0.0,0.25,1.0,1.0,0.0,0.0,0.0,0.0,0.0,1.0
0.0,25.579999923706055,0.33500000834465027,0.0,0.0,5.0,1.0,3.5,1.0,1.0,0.0,0.0,0.0,340.0,0.0,1.0
1.0,35.16999816894531,3.75,0.0,0.0,13.0,7.0,0.0,1.0,0.0,6.0,1.0,0.0,0.0,200.0,1.0
0.0,48.08000183105469,3.75,0.0,0.0,3.0,2.0,1.0,1.0,1.0,0.0,1.0,0.0,100.0,2.0,1.0
1.0,15.829999923706055,7.625,0.0,0.0,8.0,0.0,0.125,1.0,0.0,1.0,0.0,0.0,0.0,160.0,1.0
1.0,22.5,0.41499999165534973,0.0,0.0,3.0,0.0,0.33500000834465027,1.0,1.0,0.0,0.0,2.0,144.0,0.0,1.0
0.0,21.5,11.5,0.0,0.0,3.0,0.0,0.5,0.0,1.0,0.0,0.0,0.0,100.0,68.0,1.0
1.0,23.579999923706055,0.8299999833106995,0.0,0.0,8.0,0.0,0.41499999165534973,1.0,0.0,1.0,0.0,0.0,200.0,11.0,1.0
1.0,21.079999923706055,5.0,1.0,1.0,13.0,7.0,0.0,1.0,1.0,0.0,1.0,0.0,0.0,0.0,1.0
0.0,25.670000076293945,3.25,0.0,0.0,0.0,1.0,2.2899999618530273,1.0,0.0,1.0,0.0,0.0,416.0,21.0,1.0
1.0,38.91999816894531,1.6649999618530273,0.0,0.0,12.0,0.0,0.25,1.0,1.0,0.0,1.0,0.0,0.0,390.0,1.0
1.0,15.75,0.375,0.0,0.0,0.0,0.0,1.0,1.0,1.0,0.0,1.0,0.0,120.0,18.0,1.0
1.0,28.579999923706055,3.75,0.0,0.0,0.0,0.0,0.25,1.0,0.0,1.0,0.0,0.0,40.0,154.0,1.0
0.0,22.25,9.0,0.0,0.0,12.0,0.0,0.08500000089406967,1.0,1.0,0.0,1.0,0.0,0.0,0.0,1.0
0.0,29.829999923706055,3.5,0.0,0.0,0.0,0.0,0.16500000655651093,1.0,1.0,0.0,1.0,0.0,216.0,0.0,1.0
1.0,23.5,1.5,0.0,0.0,9.0,0.0,0.875,1.0,1.0,0.0,0.0,0.0,160.0,0.0,1.0
0.0,32.08000183105469,4.0,1.0,1.0,2.0,0.0,1.5,1.0,1.0,0.0,0.0,0.0,120.0,0.0,1.0
0.0,31.079999923706055,1.5,1.0,1.0,9.0,0.0,0.03999999910593033,1.0,1.0,0.0,1.0,2.0,160.0,0.0,1.0
0.0,31.829999923706055,0.03999999910593033,1.0,1.0,6.0,0.0,0.03999999910593033,1.0,1.0,0.0,1.0,0.0,0.0,0.0,1.0
1.0,21.75,11.75,0.0,0.0,0.0,0.0,0.25,1.0,1.0,0.0,0.0,0.0,180.0,0.0,1.0
1.0,17.920000076293945,0.5400000214576721,0.0,0.0,0.0,0.0,1.75,1.0,0.0,1.0,0.0,0.0,80.0,5.0,1.0
0.0,30.329999923706055,0.5,0.0,0.0,1.0,1.0,0.08500000089406967,1.0,1.0,0.0,0.0,2.0,252.0,0.0,1.0
0.0,51.83000183105469,2.0399999618530273,1.0,1.0,13.0,7.0,1.5,1.0,1.0,0.0,1.0,0.0,120.0,1.0,1.0
0.0,47.16999816894531,5.835000038146973,0.0,0.0,9.0,0.0,5.5,1.0,1.0,0.0,1.0,0.0,465.0,150.0,1.0
0.0,25.829999923706055,12.835000038146973,0.0,0.0,2.0,0.0,0.5,1.0,1.0,0.0,1.0,0.0,0.0,2.0,1.0
1.0,50.25,0.8349999785423279,0.0,0.0,12.0,0.0,0.5,1.0,1.0,0.0,0.0,0.0,240.0,117.0,1.0
,29.5,2.0,1.0,1.0,11.0,1.0,2.0,1.0,1.0,0.0,1.0,0.0,256.0,17.0,1.0
1.0,37.33000183105469,2.5,0.0,0.0,3.0,1.0,0.20999999344348907,1.0,1.0,0.0,1.0,0.0,260.0,246.0,1.0
1.0,41.58000183105469,1.0399999618530273,0.0,0.0,12.0,0.0,0.6650000214576721,1.0,1.0,0.0,1.0,0.0,240.0,237.0,1.0
1.0,30.579999923706055,10.664999961853027,0.0,0.0,8.0,1.0,0.08500000089406967,1.0,0.0,12.0,0.0,0.0,129.0,3.0,1.0
0.0,19.420000076293945,7.25,0.0,0.0,6.0,0.0,0.03999999910593033,1.0,0.0,1.0,1.0,0.0,100.0,1.0,1.0
1.0,17.920000076293945,10.210000038146973,0.0,0.0,13.0,7.0,0.0,1.0,1.0,0.0,1.0,0.0,0.0,50.0,1.0
1.0,20.079999923706055,1.25,0.0,0.0,0.0,0.0,0.0,1.0,1.0,0.0,1.0,0.0,0.0,0.0,1.0
0.0,19.5,0.28999999165534973,0.0,0.0,5.0,0.0,0.28999999165534973,1.0,1.0,0.0,1.0,0.0,280.0,364.0,1.0
0.0,27.829999923706055,1.0,1.0,1.0,1.0,1.0,3.0,1.0,1.0,0.0,1.0,0.0,176.0,537.0,1.0
0.0,17.079999923706055,3.2899999618530273,0.0,0.0,3.0,0.0,0.33500000834465027,1.0,1.0,0.0,0.0,0.0,140.0,2.0,1.0
0.0,36.41999816894531,0.75,1.0,1.0,1.0,0.0,0.5849999785423279,1.0,1.0,0.0,1.0,0.0,240.0,3.0,1.0
0.0,40.58000183105469,3.2899999618530273,0.0,0.0,6.0,0.0,3.5,1.0,1.0,0.0,0.0,2.0,400.0,0.0,1.0
0.0,21.079999923706055,10.085000038146973,1.0,1.0,11.0,1.0,1.25,1.0,1.0,0.0,1.0,0.0,260.0,0.0,1.0
1.0,22.670000076293945,0.75,0.0,0.0,0.0,0.0,2.0,1.0,0.0,2.0,0.0,0.0,200.0,394.0,1.0
1.0,25.25,13.5,1.0,1.0,13.0,7.0,2.0,1.0,0.0,1.0,0.0,0.0,200.0,1.0,1.0
0.0,17.920000076293945,0.20499999821186066,0.0,0.0,12.0,0.0,0.03999999910593033,1.0,1.0,0.0,1.0,0.0,280.0,750.0,1.0
0.0,35.0,3.375,0.0,0.0,0.0,1.0,8.289999961853027,1.0,1.0,0.0,0.0,0.0,0.0,0.0,1.0
